frame,slope,label
00816914.png,-161.3430481,-1
02517582.png,-10.96592045,1
00848240.png,-88.09611511,1
00856652.png,-111.1641922,-1
02507758.png,-168.67276,1
00851889.png,-87.90480042,1
00831107.png,-114.2677612,1
00818722.png,-0.42056638,-1
00829757.png,-105.2002487,-1
02219600.png,-90,1
02181922.png,-33.53542709,1
02192912.png,-34.08272171,1
00839473.png,-156.7064362,-1
02215823.png,-120.9539566,-1
02502597.png,-77.7342453,-1
02220285.png,-113.2184448,-1
00819234.png,-92.99822998,1
00820044.png,-90.52689362,1
02184337.png,-49.60694122,1
02522399.png,-65.46640778,1
02528760.png,-30.95542717,1
02195112.png,-22.90965843,1
02175009.png,-126.3219376,1
02187543.png,-64.58522034,1
02186771.png,-142.8263855,-1
02208075.png,-170.158783,1
00828990.png,-58.48394394,1
02227291.png,-79.97556305,1
02520544.png,-160.225235,-1
02510779.png,-125.5902863,1
02195193.png,-89.8324585,1
02219156.png,-111.1446533,1
02531768.png,-94.02305603,-1
00835761.png,-122.8093872,1
02525524.png,-157.7681732,-1
02505913.png,-62.38225174,-1
00849116.png,-71.38368988,1
02174930.png,-78.92425537,-1
02189570.png,-153.1737823,-1
02180245.png,-33.67876434,1
00870540.png,-53.7468605,-1
02209669.png,-8.080015182,1
00850695.png,-147.4909973,-1
02213523.png,-127.4784393,-1
00816511.png,-110.6320038,1
02507293.png,-91.06547546,-1
00858621.png,-78.55896759,-1
02530620.png,-50.69575119,1
02207002.png,-125.7598801,-1
00844033.png,-115.0604019,1
02519291.png,-10.19528389,1
02530256.png,-60.79498291,-1
02221657.png,-114.3453522,-1
00854013.png,-136.5249481,-1
02523474.png,-32.31188583,-1
00821460.png,-161.9539185,-1
00850533.png,-15.97041225,-1
00829798.png,-102.7393036,-1
02183440.png,-117.9381256,-1
02191911.png,-60.18313599,-1
02182195.png,-3.64034462,1
02186087.png,-159.5227203,1
02221577.png,-113.9588776,1
00863559.png,-154.7294159,-1
00843745.png,-118.0523376,-1
00836883.png,-163.9694672,1
00867355.png,-157.114502,-1
02218311.png,-108.9218979,1
02504021.png,-30.47226143,1
02194256.png,-91.91457367,-1
02206251.png,-124.5831757,1
00854407.png,-97.86279297,1
00848404.png,-80.03788757,-1
02516069.png,-1.973649025,1
00850007.png,-69.08278656,1
00820833.png,-90.06501007,1
00817508.png,-104.4240417,1
02214594.png,-90,1
02218441.png,-143.0506439,1
02519818.png,-2.17466116,1
02534351.png,-175.7387695,1
02226209.png,-2.664706707,-1
02189048.png,-179.2169037,1
02206291.png,-118.0930481,1
00839242.png,-88.94319153,1
00832077.png,-161.0978394,-1
02531461.png,-16.00628662,-1
02213324.png,-147.7587891,-1
02534254.png,-87.31608582,-1
02181646.png,-145.4874878,1
00857240.png,-2.923755407,-1
02183561.png,-171.2546692,1
02232570.png,-11.56785107,1
02184220.png,-40.76306152,-1
02533451.png,-92.04243469,1
00852090.png,-113.4178925,-1
02521509.png,-43.44801331,1
02514518.png,-29.06407547,1
02191669.png,-106.2103424,-1
00832909.png,-112.8058853,1
02226727.png,-155.9495544,1
00847324.png,-174.2639008,1
02519337.png,-82.18286896,0
02208237.png,-153.4201355,-1
02525289.png,-112.2589951,-1
02200353.png,-119.5151749,1
02202501.png,-80.94139862,-1
02208702.png,-4.121360779,1
02518786.png,-155.5339813,0
00849437.png,-160.8995972,-1
00870663.png,-151.5262756,-1
02216188.png,-149.4331512,1
02177410.png,-52.11089325,-1
02503375.png,-3.67624402,1
02182274.png,-154.4457855,-1
00818560.png,-162.2896118,-1
02514717.png,-85.78722382,-1
00859631.png,-80.9400177,-1
00838403.png,-124.2401505,1
02509001.png,-87.45967865,1
02503901.png,-22.0037632,1
02507013.png,-96.75605011,-1
02202752.png,-78.63193512,-1
02504795.png,-173.6056976,-1
00848880.png,-60.50063705,-1
00866023.png,-9.508268356,1
00844985.png,-169.7147217,1
02508106.png,-128.4808044,-1
00854866.png,-91.69156647,-1
00817429.png,-3.195692539,-1
02521916.png,-143.5184784,-1
02217351.png,-159.6122437,-1
02189529.png,-148.5517731,-1
02531781.png,-150.8168488,-1
02517259.png,-45.39909363,1
02534431.png,-36.68563843,-1
02503334.png,-177.4934082,0
00841977.png,-71.627388,-1
00856730.png,-110.9944611,-1
02187664.png,-94.8177948,-1
02521953.png,-55.23392868,-1
02197980.png,-155.9039459,1
00842445.png,-121.7536621,1
00823068.png,-45.91210556,1
02223125.png,-18.34679222,1
02503941.png,-28.19633675,1
02199109.png,-142.0637512,-1
02533549.png,-50.09147644,1
00836285.png,-114.6877518,1
02233211.png,-12.58091927,1
00859026.png,-40.10650635,1
02506481.png,-166.6587067,-1
00857363.png,-33.19880676,-1
02522033.png,-179.3131256,-1
02229067.png,-83.7121048,1
02232251.png,-20.99739075,1
02533019.png,-76.90317535,-1
02221295.png,-2.701869965,1
00838811.png,-171.9083862,-1
00861746.png,-51.27445602,1
02212729.png,-168.8178711,-1
02214445.png,-97.19559479,-1
00839898.png,-62.13515472,-1
02232245.png,-53.0703392,1
00849762.png,-38.96699905,1
00859549.png,-152.6263275,-1
00829838.png,-99.39385986,1
02192468.png,-72.93015289,1
02212900.png,-135.0434418,-1
02519454.png,-80.33615112,-1
00825413.png,-14.28764629,-1
02227211.png,-52.68080521,1
00845064.png,-5.084834099,-1
02197576.png,-82.49433899,1
02534470.png,-8.744729042,1
00818114.png,-163.4834595,-1
00850572.png,-43.15481567,1
02533746.png,-59.40810776,-1
02187461.png,-62.68066406,-1
00841016.png,-1.299912214,-1
00830846.png,-37.84642792,1
02529696.png,-141.8167877,-1
00840307.png,-89.83478546,1
02233292.png,-19.86998558,1
00836652.png,-5.016934872,-1
02184416.png,-53.54056168,1
02504631.png,-175.7679901,-1
00858057.png,-41.62793732,1
02207408.png,-128.0161133,-1
02173289.png,-113.2933807,-1
02190883.png,-166.6307678,1
02503739.png,-59.17064285,1
02515194.png,-132.0735779,-1
02531259.png,-9.131155014,-1
02511058.png,-115.5104065,-1
02223647.png,-169.1461945,-1
02531581.png,-41.96183014,1
02509112.png,-175.9473724,1
00857609.png,-12.85339546,1
02513996.png,-63.06869888,0
02517942.png,-162.3264008,-1
02223818.png,-89.4392395,1
02206526.png,-169.1715546,1
02512176.png,-133.5532532,-1
02202542.png,-53.63453674,-1
02223280.png,-17.07504654,1
02187704.png,-39.32400131,1
02199231.png,-15.6756506,-1
02215864.png,-132.9195099,-1
02214127.png,-124.4426422,1
02176888.png,-168.0913086,1
00843159.png,-14.46577168,1
02213559.png,-85.14752197,1
02210398.png,-173.9509277,1
02192184.png,-136.5052948,-1
02516151.png,-32.15014648,1
02525708.png,-5.776486397,1
00858374.png,-61.06537628,1
02173127.png,-141.0383606,-1
02528133.png,-43.81906509,1
02209318.png,-96.57015228,1
02187943.png,-88.57748413,-1
02534913.png,-61.37804413,1
02228964.png,-13.79990864,-1
00865942.png,-54.932724,1
02506399.png,-176.4464569,-1
00840062.png,-76.87713623,-1
02213020.png,-96.65727997,-1
02193886.png,-93.59436798,1
02213809.png,-16.88369179,1
02182234.png,-28.32597733,1
02502720.png,-70.02828217,-1
00841781.png,-63.69316864,-1
00845299.png,-142.4708557,-1
00858456.png,-145.2376709,-1
02505200.png,-99.7929306,1
02204489.png,-85.13944244,0
00838329.png,-107.9597549,-1
02185883.png,-19.58271599,1
02202217.png,-4.699331284,1
02195516.png,-165.9062195,-1
02523110.png,-89.33895874,-1
00826183.png,-138.200882,1
02509039.png,-88.72696686,-1
00815602.png,-40.86515427,1
02215905.png,-120.545166,-1
00857814.png,-90.06896973,-1
02224420.png,-176.3788605,-1
00841538.png,-32.88999939,-1
02186730.png,-150.6178284,1
00836450.png,-56.43863297,1
00843827.png,-114.6158371,1
02195839.png,-141.6486053,-1
00849078.png,-71.11656952,-1
00836921.png,-122.6637268,-1
02530981.png,-20.66179657,1
00834563.png,-124.7950745,1
02174968.png,-118.747406,1
00870826.png,-40.51235962,1
02209119.png,-105.8826828,1
00868728.png,-61.10529327,1
00859957.png,-134.9273987,-1
00847535.png,-92.95570374,1
00836999.png,-124.2308731,1
02199115.png,-90.07422638,-1
00835410.png,-144.562149,-1
00847463.png,-34.04090118,1
02214605.png,-62.20231247,-1
02228844.png,-79.80565643,1
00839554.png,-55.10031128,1
02212055.png,-111.8826141,1
02529443.png,-93.05761719,-1
00848158.png,-131.6374969,1
02532178.png,-87.23950195,1
02172923.png,-173.3928375,1
02520463.png,-176.2831573,1
00868007.png,-144.821991,-1
02523919.png,-69.0090332,1
02196682.png,-90.45265961,1
02210935.png,-30.58398438,1
02223858.png,-74.93112946,-1
00854366.png,-95.01326752,-1
02193685.png,-108.1058884,1
02517297.png,-99.79808044,-1
00830257.png,-69.25293732,-1
00829513.png,-156.3701324,-1
02179161.png,-146.8547058,-1
02513350.png,-23.22336388,1
00830502.png,-59.35103989,-1
00861705.png,-137.2008057,-1
02522278.png,-48.91665268,1
00828541.png,-57.76869202,-1
02228032.png,-172.6634674,-1
00836960.png,-119.6950989,-1
00860523.png,-87.28022003,-1
02516192.png,-54.0333252,-1
02192059.png,-87.04073334,-1
02518901.png,-4.822725296,-1
00843420.png,-100.4356003,-1
00832990.png,-3.761539936,1
00858907.png,-144.6951294,-1
02518140.png,-65.57855988,1
02516431.png,-154.7960358,-1
02206290.png,-103.9756393,-1
02519858.png,-90.66161346,-1
00825987.png,-109.4149551,1
00853973.png,-1.121644258,-1
02211097.png,-170.0643311,-1
00841294.png,-56.39319611,-1
02529857.png,-175.3045349,1
02219193.png,-164.8233337,1
02212135.png,-147.7107086,1
02184067.png,-57.42431259,-1
00867559.png,-175.3290253,-1
00816126.png,-142.9642181,-1
02232410.png,-10.76130104,1
02202257.png,-26.13819313,1
02514878.png,-56.83997345,-1
02525048.png,-144.7505188,1
00857527.png,-144.3199005,-1
00864008.png,-16.78851318,1
02507211.png,-121.2824631,-1
02230155.png,-79.73126221,-1
00851094.png,-37.24270248,1
02518344.png,-40.66416168,-1
00831187.png,-28.3025856,-1
02529655.png,-65.84198761,1
02221462.png,-106.4758682,1
02227371.png,-85.75522614,1
02186169.png,-8.355415344,-1
02217391.png,-148.1691742,-1
02197740.png,-93.11798096,-1
02233572.png,-175.7160339,1
02227983.png,-80.19724274,1
02202338.png,-13.10294247,-1
00858785.png,-26.23715782,1
02229676.png,-174.5375977,1
02502106.png,-96.50563049,-1
02503861.png,-45.20645905,1
02230115.png,-90.56794739,-1
02189488.png,-2.387626648,1
02230447.png,-128.9497375,1
00818355.png,-130.527298,-1
02211174.png,-105.815033,-1
00837037.png,-160.6107483,-1
02214717.png,-152.7903442,-1
00824004.png,-51.19459152,1
02223573.png,-89.19091797,1
02195682.png,-1.901446819,1
02207526.png,-107.109726,1
00824470.png,-166.2852173,1
02191791.png,-136.8753052,-1
00852953.png,-69.67912292,-1
02534590.png,-43.39996338,-1
02232172.png,-154.7354126,-1
02517823.png,-55.71622467,-1
02185598.png,-61.9255867,1
02204816.png,-153.3367615,-1
02215635.png,-3.534114838,1
02227639.png,-123.9997253,1
02524718.png,-114.4604492,-1
02212932.png,-148.4760895,-1
02504510.png,-175.7608032,-1
00867640.png,-138.8129883,-1
00820289.png,-133.0138855,-1
00853076.png,-139.6928558,-1
02221866.png,-104.4261932,1
02219310.png,-134.0151215,-1
02187981.png,-48.50445175,1
00852008.png,-111.7509766,-1
02213171.png,-0.002558816,1
00853363.png,-66.14529419,1
02190803.png,-9.711296082,-1
02197531.png,-165.2895355,-1
02212570.png,-156.9855042,-1
02534832.png,-53.04461288,1
02230520.png,-53.21457672,1
02527174.png,-31.46270752,1
02533170.png,-89.31099701,-1
02504348.png,-88.93414307,1
02528434.png,-64.78210449,0
00839634.png,-86.66120148,1
02200748.png,-68.43634796,-1
00845596.png,-5.321724892,1
02186690.png,-51.30042267,1
02196961.png,-31.75160789,1
02211368.png,-25.85136032,1
02229157.png,-82.67656708,-1
02514839.png,-70.75595093,1
00839514.png,-91.70502472,1
00833152.png,-167.8874054,-1
00870622.png,-156.2869263,-1
02180051.png,-171.5460663,1
02526037.png,-68.71886444,1
02208399.png,-36.82129669,1
02530175.png,-67.35031891,1
02514441.png,-91.9994278,1
02200707.png,-70.25520325,1
02204826.png,-101.8152313,1
02198183.png,-163.3033752,-1
00826960.png,-89.45412445,-1
02188758.png,-63.19857025,1
02207124.png,-147.5885315,-1
02534109.png,-81.78851318,1
00838293.png,-30.88238716,1
00866744.png,-1.133078098,1
02181158.png,-40.78484344,1
00867314.png,-135.0742035,-1
02220002.png,-111.6933975,-1
02520746.png,-78.14489746,-1
02220488.png,-109.8630371,-1
00857773.png,-41.9058075,1
00856769.png,-110.9385071,-1
02215598.png,-3.8390553,1
00867192.png,-138.6738586,-1
02227558.png,-147.1563568,1
02218647.png,-92.68966675,-1
02525008.png,-170.1776123,1
02233452.png,-18.40969849,1
02526992.png,-2.959456682,1
00871027.png,-97.91705322,-1
02232969.png,-22.5,1
02226411.png,-118.5717087,1
00829311.png,-86.31009674,-1
00868932.png,-66.84528351,1
02505873.png,-58.69566345,0
00837826.png,-93.86372375,1
02198027.png,-24.81405449,1
02519255.png,-87.4972229,1
02196000.png,-62.7349968,1
02184820.png,-171.7032623,0
00862112.png,-94.56832886,-1
00859189.png,-148.5437775,-1
02206721.png,-174.8192291,1
00843868.png,-115.2798462,1
02521307.png,-80.87387848,1
02220091.png,-97.2258606,-1
02518263.png,-11.80168915,1
02224613.png,-124.2076111,-1
02223085.png,-31.821661,1
02233050.png,-26.82877541,1
00818194.png,-43.53318024,1
02218475.png,-120.1939087,1
02187299.png,-6.958573818,1
02221335.png,-175.2715759,1
02230841.png,-173.7202454,1
02197450.png,-58.52737045,1
02226650.png,-140.9034271,1
02206640.png,-109.097374,-1
00860119.png,-119.7408218,-1
02211677.png,-179.8440399,1
02534630.png,-160.0511169,-1
02529615.png,-43.41735458,1
02196445.png,-52.91423035,1
02209511.png,-142.8976135,-1
00852758.png,-168.0691986,-1
02229398.png,-25.44620705,-1
00837236.png,-138.8513794,-1
02172598.png,-144.0171204,-1
02531341.png,-80.89796448,-1
00842691.png,-43.41831589,1
02223320.png,-16.13208961,1
00834155.png,-126.9326248,-1
00856536.png,-109.7442932,-1
00854092.png,-89.11292267,-1
02213052.png,-120.4054489,-1
00832037.png,-24.53578568,1
02233332.png,-22.5,1
02185149.png,-158.6313934,0
00867966.png,-51.77178192,-1
02528474.png,-64.733078,-1
02516944.png,-90.22446442,-1
02233692.png,-18.11078262,1
00819195.png,-39.24676514,1
00862234.png,-65.8338623,1
02518181.png,-45.29359818,-1
02212256.png,-160.3572998,-1
00858867.png,-90.65627289,1
02517782.png,-87.01161194,-1
00843038.png,-151.1460266,1
02512932.png,-149.7697906,0
00853322.png,-65.46478271,-1
02223736.png,-90.00756836,1
02232052.png,-97.51444244,-1
02216813.png,-171.8571014,-1
02519250.png,-17.20856857,0
02186694.png,-94.5439682,1
00869450.png,-6.300491333,-1
02221906.png,-92.44094086,-1
02226047.png,-170.8644867,-1
02530901.png,-66.23271942,1
02525744.png,-8.340785027,-1
02208439.png,-63.94742584,0
02199353.png,-148.8414001,-1
00825092.png,-108.1692276,1
02224251.png,-133.4290771,1
00867396.png,-170.0205994,-1
02506236.png,-39.27619553,-1
00870786.png,-5.371436119,-1
00854209.png,-62.82688904,1
02187264.png,-89.04598999,-1
02220213.png,-84.67975616,-1
02199919.png,-73.40725708,-1
02194873.png,-177.9081268,-1
00853767.png,-155.4282227,1
00821385.png,-48.71103668,1
02517380.png,-41.58684158,-1
02195480.png,-146.2774963,1
02209707.png,-87.89246368,0
02187259.png,-151.5889435,-1
00843991.png,-113.7510376,1
02210975.png,-161.5579376,-1
02534068.png,-17.17648888,1
00821532.png,-8.584637642,1
02524155.png,-148.7719269,-1
00865536.png,-33.27916718,1
02174603.png,-1.683427215,0
00840630.png,-55.73583984,1
00815766.png,-12.03433895,1
02188553.png,-25.83093643,-1
02210543.png,-15.19712734,1
02231043.png,-57.10562897,0
02186899.png,-17.22419548,-1
00851299.png,-60.70384979,1
00830217.png,-84.0734787,-1
00829152.png,-177.5511017,1
02227799.png,-8.164832115,1
00849683.png,-90.60778809,1
02505834.png,-47.44558716,-1
00852569.png,-33.0811348,1
02221415.png,-130.9980164,-1
02509497.png,-132.6381226,1
00837864.png,-112.4966354,0
02225446.png,-110.7743683,1
00822825.png,-90,-1
02233131.png,-22.5,1
02179405.png,-151.3355103,1
02197202.png,-95.96279907,-1
02233412.png,-171.8158112,1
02227451.png,-71.11977386,1
02526143.png,-28.51065254,1
02198223.png,-87.27453613,-1
02226883.png,-113.3588867,1
02209708.png,-12.04295349,1
02526674.png,-135.9774933,-1
02521226.png,-32.03060532,1
02528556.png,-65.62283325,-1
00840549.png,-177.6509552,1
02218606.png,-119.7672272,-1
00849232.png,-60.71852112,-1
02198061.png,-131.6485748,-1
02529211.png,-70.73478699,-1
02182077.png,-46.02375412,1
02213209.png,-140.3575745,1
02519656.png,-59.02207184,-1
02181960.png,-164.2792511,-1
02213727.png,-156.1340485,1
00842206.png,-124.0622482,-1
02512531.png,-110.792038,-1
00829918.png,-105.0608749,-1
02523594.png,-46.06357956,1
02204611.png,-120.7376709,-1
02217549.png,-95.73149872,1
00822787.png,-136.8427734,1
02199029.png,-33.95432663,1
02524191.png,-122.3069611,-1
02532905.png,-65.00428772,1
02524603.png,-95.79478455,-1
02191286.png,-45.95471954,1
00849966.png,-40.84155273,1
02174725.png,-176.497757,1
02204775.png,-40.45172882,1
00862920.png,-18.60000229,-1
02530418.png,-68.24887848,-1
00819039.png,-165.869812,-1
02222617.png,-16.73249245,1
02516905.png,-89.9422226,1
02507719.png,-166.2134247,-1
00863002.png,-90.11837006,1
02506356.png,-88.82649231,1
02209279.png,-153.0246277,-1
00824825.png,-169.1841736,-1
02191714.png,-33.07701111,1
02226843.png,-127.8858185,1
02209127.png,-101.6766968,-1
02193845.png,-91.93347931,1
00858662.png,-67.95115662,1
02504185.png,-31.90033913,1
02516939.png,-155.520401,-1
00837746.png,-171.691391,-1
00848282.png,-43.71432114,1
02196798.png,-69.39169312,1
00865372.png,-64.2074585,-1
00817469.png,-177.8626709,1
00868048.png,-125.3201828,-1
02188921.png,-36.95900345,1
02510293.png,-128.4656525,-1
00832443.png,-20.30003738,0
02218759.png,-13.53168774,-1
00840468.png,-88.49523926,-1
00857080.png,-137.9495087,-1
02220253.png,-76.29814148,-1
00841699.png,-35.22938538,1
00826650.png,-143.3809052,-1
02220649.png,-121.9306183,1
02504307.png,-22.48161125,1
02189652.png,-138.9975433,-1
00827504.png,-74.22172546,-1
02213100.png,-74.39144135,-1
02211056.png,-19.49053383,1
02511984.png,-85.99427795,-1
02220851.png,-111.4635239,0
02502348.png,-94.50144958,1
02221092.png,-179.8620453,1
02528801.png,-28.74136353,1
02211786.png,-137.9304504,-1
02528597.png,-60.94479752,-1
02218679.png,-177.5304871,1
02227251.png,-107.1120834,1
02519777.png,-23.06686211,1
02188390.png,-45.72950363,1
02525634.png,-142.7692566,-1
00842054.png,-136.3024292,-1
02523312.png,-172.4533234,1
02534149.png,-69.36297607,-1
00844197.png,-108.9980469,1
02209588.png,-84.34786987,0
02533863.png,-56.15699387,-1
00834523.png,-109.8128357,1
02206799.png,-105.1737442,-1
02188308.png,-5.006635189,1
02509036.png,-12.4820509,1
00839672.png,-157.4134827,-1
02532866.png,-63.64823532,1
02189736.png,-95.79057312,-1
00864614.png,-55.9816246,1
02509984.png,-27.67644882,1
00843380.png,-99.77370453,-1
00857322.png,-46.72942734,-1
02520100.png,-12.7744112,1
02181363.png,-146.2320862,-1
02191520.png,-170.0879669,1
02522196.png,-162.383606,-1
02180363.png,-39.21310043,1
02174766.png,-177.8362122,1
02196405.png,-57.25857925,1
02228795.png,-34.18056107,-1
02193968.png,-94.29307556,-1
02218051.png,-3.425699234,-1
02232370.png,-27.15344048,1
00825535.png,-154.4089508,-1
02185639.png,-62.55474854,1
02193725.png,-113.7871704,-1
00842569.png,-46.97945404,1
02511017.png,-127.9329071,1
00866183.png,-65.11663818,-1
02514678.png,-12.23259258,1
02520060.png,-172.4093018,1
02191635.png,-157.671402,-1
02505993.png,-65.2326889,-1
00826142.png,-93.06847382,1
02505599.png,-174.2853241,1
02230606.png,-87.92745972,-1
02213768.png,-172.9183044,1
02517623.png,-160.106308,-1
02214677.png,-166.1546631,-1
02534994.png,-64.98754883,1
02504590.png,-176.1138306,-1
00867599.png,-171.2352448,-1
02516312.png,-56.49915695,1
02524758.png,-115.6360931,0
00815930.png,-123.116478,-1
02217108.png,-108.9454422,1
02214555.png,-42.94922256,-1
02172358.png,-89.49718475,1
00862032.png,-1.313217402,-1
02216269.png,-2.940168381,0
00825689.png,-98.66375732,-1
02182668.png,-3.715749979,1
00840347.png,-160.8509369,-1
02214481.png,-114.7483902,1
00816088.png,-16.91069031,1
02230480.png,-10.20378017,1
00832522.png,-3.698811054,1
02211488.png,-151.5269928,-1
02225483.png,-145.8726196,1
02517019.png,-143.2925262,-1
02184298.png,-47.6454277,1
00853891.png,-148.4793243,-1
00859149.png,-172.3661194,1
00830916.png,-89.71151733,1
00837901.png,-115.5265884,-1
02188886.png,-100.763443,0
02224733.png,-156.6232758,1
02508225.png,-10.78140259,1
02202013.png,-16.49348259,-1
00856073.png,-121.2624512,-1
00827544.png,-47.46157074,1
00847722.png,-58.45634842,1
02187502.png,-55.32579803,-1
00851780.png,-153.7310638,-1
02504672.png,-176.2957764,-1
00856613.png,-111.8846283,-1
00844832.png,-126.4198837,-1
00858016.png,-174.6474152,-1
02526214.png,-18.91867828,1
02212216.png,-170.9402618,-1
02521672.png,-142.401535,-1
02181204.png,-177.5253143,1
02530527.png,-92.58060455,-1
02193722.png,-90.10160065,0
02211973.png,-16.18550873,1
00865019.png,-157.266098,-1
02511939.png,-90.67134094,1
00826303.png,-162.5732422,0
02512610.png,-148.3097076,-1
02220164.png,-112.3621063,1
00847878.png,-88.09897614,-1
02179202.png,-154.1958771,-1
00861174.png,-56.8008728,-1
00838439.png,-32.47335052,1
00845445.png,-105.7888794,1
00822865.png,-10.10474968,1
02229993.png,-19.59005165,1
02533509.png,-68.13922119,1
00825763.png,-98.92728424,-1
02209239.png,-46.89462662,1
02514919.png,-57.30747604,-1
02230921.png,-42.2169075,1
02510820.png,-102.1195526,-1
00868130.png,-63.41275024,-1
02217978.png,-34.35652542,1
00836845.png,-94.14601898,1
02231964.png,-43.69634628,1
02187305.png,-89.21882629,-1
02508509.png,-124.9788742,1
02230277.png,-64.10315704,1
02522156.png,-14.63717461,1
00843786.png,-113.7759628,0
00841174.png,-143.4640961,-1
02218840.png,-155.6118622,-1
02528719.png,-17.26101303,-1
02200833.png,-91.47961426,-1
02187137.png,-36.18345642,1
02174684.png,-177.5178375,-1
02217029.png,-82.35279846,1
00840589.png,-158.288559,-1
02513876.png,-164.5848389,-1
02228916.png,-16.82982063,1
00816010.png,-91.34059906,1
02186452.png,-58.68114853,1
00829636.png,-166.2075958,-1
00836244.png,-109.5378265,-1
02506440.png,-175.6365356,-1
02503499.png,-178.9272003,1
02186575.png,-91.8815918,-1
00835839.png,-141.7479401,1
02182951.png,-12.42672729,-1
00826062.png,-88.67420197,1
00840103.png,-62.9849968,-1
02513715.png,-93.33370209,1
02223524.png,-173.9362793,-1
02232690.png,-177.1446838,1
00856808.png,-111.089035,-1
00826102.png,-45.19035721,1
00824705.png,-175.9001617,-1
00854743.png,-162.1365509,-1
00833071.png,-27.63585091,1
00868089.png,-167.8497162,-1
02526556.png,-117.3776016,-1
02508187.png,-98.14167023,-1
00840427.png,-51.36400604,1
02227913.png,-120.607048,1
02220936.png,-77.18442535,-1
00867722.png,-14.77280235,-1
02183032.png,-12.43425369,1
00830811.png,-113.1848068,-1
00857691.png,-60.65756607,-1
02188676.png,-72.6427002,1
00853199.png,-159.3071136,-1
02219682.png,-89.22664642,-1
02219081.png,-97.96260071,1
00863081.png,-162.9367828,1
00815643.png,-32.42778397,1
02226371.png,-124.8178864,1
00851258.png,-69.01473999,-1
00815725.png,-179.4625854,1
02232610.png,-26.14738083,1
00855598.png,-46.25153351,1
00833228.png,-132.6947784,-1
02197038.png,-82.81808472,1
00855191.png,-139.9143066,-1
00834482.png,-136.4783936,0
02186492.png,-48.57626343,1
02217470.png,-9.096422195,1
02204570.png,-122.6067276,1
02223688.png,-141.2241974,1
02214133.png,-96.24125671,0
02182627.png,-137.1830444,-1
02504062.png,-27.94777107,1
02230880.png,-24.38473511,1
00837118.png,-99.22271729,1
00864816.png,-55.91052628,1
02221617.png,-113.2290192,1
00839746.png,-154.4102478,1
00866703.png,-1.064796567,1
02511978.png,-107.8308792,-1
00848077.png,-122.4101791,-1
00858946.png,-35.01144409,1
02534190.png,-53.84069443,-1
00861828.png,-56.33934021,-1
02219587.png,-74.17966461,1
02211603.png,-148.5762329,-1
00833191.png,-98.59682465,1
02216620.png,-163.0891266,1
02205213.png,-20.67151451,1
02230033.png,-7.036532879,-1
02227568.png,-82.53029633,-1
00819757.png,-49.85543823,-1
00816954.png,-165.4239502,-1
02210027.png,-35.51494598,-1
00826527.png,-66.76145172,1
00854948.png,-60.53255463,-1
02180284.png,-45.37139893,1
02216738.png,-177.1095428,1
00822551.png,-104.8786163,1
02211328.png,-147.3437653,-1
02520302.png,-34.35862732,-1
02220084.png,-112.3806763,1
02213286.png,-7.739147663,-1
00852212.png,-163.5214233,-1
02518505.png,-173.3659821,-1
02530297.png,-37.30191422,1
02232530.png,-27.75074005,1
02218124.png,-124.7447662,-1
00843000.png,-26.74214745,0
02519534.png,-68.13332367,-1
02218557.png,-109.5912704,-1
02195152.png,-132.8427124,1
02195314.png,-145.6226654,1
02221946.png,-150.6030884,-1
02231720.png,-179.2240448,-1
02535034.png,-67.43011475,1
00865059.png,-63.22149277,1
00843119.png,-97.40111542,1
02210471.png,-155.5799561,1
00820623.png,-89.61071777,-1
00817157.png,-87.49500275,-1
02505240.png,-39.7491188,0
00854325.png,-97.42081451,1
00868170.png,-60.916008,-1
00819078.png,-116.6451569,-1
00862674.png,-153.802597,-1
00838892.png,-136.2233887,1
00867884.png,-31.40021515,-1
02224855.png,-120.5163422,1
00861910.png,-0.783140123,-1
00815807.png,-118.2919006,-1
02212618.png,-89.18255615,1
02179730.png,-3.832006454,1
02196248.png,-110.9604111,-1
00841376.png,-135.6451263,-1
00818641.png,-170.7697906,-1
02509458.png,-133.9796448,-1
00824430.png,-48.80215836,1
00842284.png,-44.52303696,1
02197735.png,-138.6755829,-1
00834318.png,-8.241330147,1
00832321.png,-172.18367,1
02203311.png,-47.99932098,1
02230359.png,-1.225224137,1
02217698.png,-92.95877075,1
02178713.png,-37.03443146,1
02198416.png,-90.83278656,0
02219961.png,-125.5721054,1
02216849.png,-172.2796936,1
02518099.png,-69.00022125,1
02523756.png,-26.77291679,1
00854250.png,-22.61688232,1
00833991.png,-124.0861969,-1
00863042.png,-10.07953262,1
02512973.png,-92.11273956,-1
00854825.png,-159.2008514,1
02512257.png,-140.5906677,-1
00859672.png,-55.17647552,0
02221583.png,-88.47499084,-1
02197572.png,-142.510025,1
02228434.png,-133.2185974,1
00819272.png,-40.18112564,1
02528167.png,-144.8581848,-1
00823149.png,-66.1502533,-1
00865139.png,-54.50817871,1
02215945.png,-117.742363,1
02520020.png,-21.60303879,1
00837463.png,-114.0279694,-1
02216229.png,-149.2779236,-1
00842732.png,-38.48445129,1
02217271.png,-112.7722092,0
02529006.png,-41.48007965,1
02183038.png,-91.18628693,-1
02208157.png,-132.0033569,-1
02232770.png,-19.11690903,1
00824627.png,-114.4939117,-1
00818233.png,-49.0210495,1
00825494.png,-179.1505737,-1
00831497.png,-152.5976715,-1
00818883.png,-53.70560074,1
00855516.png,-9.317024231,-1
00819921.png,-26.52075958,1
02217623.png,-113.9618835,-1
02516109.png,-86.47592926,1
02521428.png,-61.28075409,-1
00830298.png,-62.2699852,1
00826024.png,-150.9993896,1
02186532.png,-170.3415985,1
02179084.png,-89.78245544,-1
00825800.png,-98.55025482,-1
00821347.png,-152.4879456,1
02509737.png,-133.2775269,1
02531300.png,-161.7116547,-1
00855152.png,-2.367955685,1
02518861.png,-152.9442291,1
02217901.png,-83.49355316,1
02191559.png,-7.69553709,1
00829192.png,-137.6585388,-1
00835328.png,-23.46530914,1
02215520.png,-94.26654053,1
00849396.png,-145.7118073,-1
02218393.png,-142.3918762,1
02183601.png,-158.9829712,-1
02217230.png,-119.4367142,1
02221744.png,-94.13354492,1
00823377.png,-141.6407471,-1
02528965.png,-38.37001038,1
02179976.png,-90.56164551,-1
00869979.png,-57.94179535,1
02225129.png,-110.7633514,-1
00824041.png,-52.05092239,1
00848798.png,-136.252243,-1
00820369.png,-124.8267822,-1
00857936.png,-40.56254578,-1
02508801.png,-10.70560932,1
02225089.png,-119.5536957,-1
02209628.png,-85.36766815,-1
02187340.png,-37.58403778,1
02215039.png,-164.9046478,1
02526359.png,-76.24903107,1
02523635.png,-35.10774994,-1
02519980.png,-172.5324249,1
02173045.png,-148.4264984,-1
02191830.png,-161.8282471,1
00844563.png,-30.15398979,1
00834114.png,-125.6474304,-1
02512019.png,-126.2287903,1
00836768.png,-170.7501984,1
02215158.png,-178.8919525,1
02220172.png,-88.91374207,-1
00825051.png,-129.1390533,-1
02519332.png,-26.75850677,-1
00865577.png,-2.438723326,-1
00835369.png,-142.0745087,-1
02506522.png,-170.6921997,1
02534954.png,-64.95639038,1
00823229.png,-106.6393356,1
02530608.png,-1.889535189,-1
00817588.png,-144.2415619,-1
02517863.png,-34.32162857,-1
02523553.png,-9.035312653,-1
00849519.png,-65.62716675,-1
00867803.png,-160.3730774,-1
02225641.png,-2.607121706,-1
02512770.png,-120.9003525,1
00815481.png,-17.79630852,1
02232650.png,2.50448E-06,1
02198988.png,-48.84130478,1
02199475.png,-69.37678528,-1
02222888.png,-16.35980225,1
00821423.png,-22.82825661,1
02227002.png,-26.50009155,1
00865903.png,-42.01771927,1
02506438.png,-88.93023682,1
02195960.png,-151.6786346,-1
02173922.png,-137.3059998,-1
02221899.png,-118.7820892,1
02232450.png,-7.405670643,1
02518059.png,-57.98122025,1
02510102.png,-14.47973251,1
00845559.png,-99.71302032,1
00844156.png,-115.872879,1
02227719.png,-172.9523468,-1
02230639.png,-56.82851791,1
00824115.png,-90.10593414,1
00866540.png,-20.4622879,1
02228625.png,-109.6323471,-1
02181485.png,-117.8089828,-1
02210507.png,-160.5187683,1
00819513.png,-170.8370514,-1
02213849.png,-122.481514,1
02183277.png,-124.4526672,1
02515470.png,-92.6964798,-1
02211714.png,-8.423013687,1
00833031.png,-11.9804287,1
00826568.png,-53.83345032,1
02198142.png,-25.07711029,-1
00843620.png,-109.2621613,-1
02504144.png,-31.37676811,1
02203117.png,-147.9434967,1
02530580.png,-6.476334572,1
02510656.png,-8.489955902,1
02212336.png,-169.5392609,-1
02211895.png,-161.8940887,-1
02519128.png,-67.1289978,-1
02520101.png,-51.62236023,1
00815889.png,-141.9633636,1
00849560.png,-51.78665161,1
00867477.png,-173.8143921,-1
00835723.png,-111.6470413,-1
02185190.png,-18.07867432,1
00844641.png,-96.52804565,1
02229035.png,-30.75122833,-1
02186894.png,-50.70736694,-1
02187590.png,-105.1467514,-1
00871148.png,-61.88311005,-1
02533307.png,-58.47044754,1
00850410.png,-13.78251934,1
02226056.png,-101.2109756,1
02209315.png,-93.82048035,0
02205064.png,-70.50450134,0
02189245.png,-59.52633286,1
00853117.png,-150.2940826,-1
00870303.png,-61.18840408,1
00818155.png,-38.72894669,1
02184456.png,-66.81161499,0
00869052.png,-159.4891357,-1
00855071.png,-139.1151276,1
02207886.png,-6.751652718,-1
02216108.png,-107.847496,1
00867028.png,-164.3547821,-1
02233613.png,-169.0127411,1
02232730.png,-18.54488945,1
02217701.png,-151.5102081,1
02203513.png,-21.09633446,1
02195318.png,-10.79127884,1
00843460.png,-99.65865326,-1
00865179.png,-119.1744156,-1
02220293.png,-178.014328,-1
02513676.png,-148.2994843,-1
00842650.png,-43.72449493,1
02189692.png,-60.54592133,1
02175091.png,-88.41844177,-1
00869613.png,-6.81769371,-1
02216920.png,-11.96645451,1
02195476.png,-168.0028076,-1
02189813.png,-46.89564896,1
02513636.png,-81.21685791,-1
02513836.png,-156.9077759,-1
02528842.png,-1.540744662,-1
02518097.png,-90.11775208,-1
02227331.png,-85.52613068,1
02525117.png,-24.58223724,0
02215119.png,-168.6680756,1
02231402.png,-172.9372406,-1
02510255.png,-120.155777,-1
02220124.png,-112.1120834,1
02221986.png,-78.7511673,1
02521549.png,-176.1595917,1
02211211.png,-116.7320251,1
02532223.png,-141.0952606,-1
02526437.png,-166.2406158,1
02210362.png,-178.5266876,0
02185557.png,-53.76250076,-1
00821105.png,-139.7039795,-1
02206052.png,-136.1260986,1
02180521.png,-35.18186951,1
02226804.png,-140.5205994,0
00865495.png,-153.3732452,0
02518824.png,-15.82429409,0
00819155.png,-130.8973846,-1
00825876.png,-94.8557663,1
02202992.png,-0.878728628,-1
02188062.png,-68.29238129,1
02533429.png,-20.61953735,1
02181322.png,-16.14656258,1
02220366.png,-110.9809494,-1
02232205.png,-43.4260025,1
02208628.png,-12.9342308,1
00853281.png,-76.38848114,-1
02533986.png,-140.0270691,-1
00842168.png,-133.1544495,-1
00844482.png,-35.08703232,1
02195072.png,-18.32464409,1
02218434.png,-123.3343582,1
02186250.png,-41.81277847,1
02181565.png,-118.3338852,1
02532546.png,-23.67373276,1
00851626.png,-133.8956146,1
02508760.png,-12.7732296,1
02506317.png,-174.9218445,-1
02534510.png,-173.1859741,-1
00863846.png,-48.20186996,1
00829717.png,-105.3056488,-1
02223006.png,-145.9561462,-1
02203674.png,-51.71614838,1
00817913.png,-154.5007782,-1
00867681.png,-141.8210907,-1
00823028.png,-36.69832993,1
00829233.png,-24.01470184,1
02208118.png,-128.2486725,-1
02184937.png,-90.40485382,0
02231481.png,-65.33706665,-1
02524040.png,-37.89038849,0
02532466.png,-165.2865906,-1
02198341.png,-56.86958313,0
02204372.png,-143.8185425,-1
02214757.png,-179.1665649,-1
02232126.png,-17.53672409,1
02216776.png,-6.063122272,1
00853648.png,-170.0348663,-1
00853035.png,-152.7761688,-1
02525163.png,-94.80335236,-1
02519377.png,-93.18451691,1
02225560.png,-145.0822906,-1
00841458.png,-89.82911682,1
02521711.png,-42.68226624,-1
02207165.png,-147.6307526,-1
00817275.png,-51.08757401,-1
02226492.png,-119.7433472,-1
02208810.png,-163.1036682,1
02229790.png,-58.25430298,1
02178754.png,-27.89620399,1
02188635.png,-67.57863617,1
02508960.png,-174.6980896,1
00829431.png,-49.39533234,1
02526715.png,-5.972110271,-1
02207604.png,-115.4378815,1
02226688.png,-155.7067566,1
02211248.png,-172.8235626,1
02533707.png,-14.77008152,1
02187219.png,-165.2074127,-1
00852648.png,-12.14888859,1
02189123.png,-60.53593445,1
02198507.png,-91.83597565,-1
02195355.png,-143.8534241,-1
00858580.png,-32.40891647,1
00871108.png,-9.208745003,1
00864368.png,-134.0791473,-1
00834073.png,-125.489212,-1
00869214.png,-147.9650726,-1
02534792.png,-37.28658295,1
02520585.png,-3.480736494,1
02204451.png,-6.213447571,0
02508594.png,-8.676434517,-1
02504389.png,-179.1903992,1
02520221.png,-35.18110657,0
02188185.png,-44.84661865,-1
02208278.png,-90.04219818,1
02197124.png,-16.09507942,1
00824550.png,-163.6230011,-1
02515155.png,-49.57448578,-1
00857404.png,-176.3605499,-1
02204897.png,-114.3534927,-1
02206129.png,-143.4309387,-1
02229278.png,-9.974955559,1
02224653.png,-125.3434296,-1
02223810.png,-115.7050629,1
02185965.png,-157.7254181,1
02188717.png,-69.84622192,-1
02196040.png,-67.7315979,-1
02502103.png,-94.93877411,1
02232490.png,-29.28015518,1
02506276.png,-11.67795372,-1
02185353.png,-74.49262238,-1
02523796.png,-159.1396637,-1
02533348.png,-147.973053,1
02514557.png,-178.6628418,-1
02183236.png,-170.9345093,1
02229165.png,-1.71382165,1
02219471.png,-169.4582977,-1
00869491.png,-117.2373047,-1
00867844.png,-156.2523804,-1
00849843.png,-103.9604568,-1
00836409.png,-98.11788177,1
00820409.png,-70.44747162,1
02522909.png,-11.14892101,1
00849314.png,-172.2554321,-1
00845104.png,-176.7221069,1
00829878.png,-98.20754242,1
02195798.png,-43.61270905,1
02527582.png,-32.44712448,1
02502144.png,-138.5625,-1
02512377.png,-23.32733917,1
02524967.png,-100.2310944,1
00858985.png,-57.05789185,1
00819471.png,-171.8229218,-1
02213402.png,-163.5018463,-1
02184699.png,-61.96681213,0
02524645.png,-70.84233856,1
00832559.png,-8.805258751,1
00837273.png,-173.9365845,-1
02226922.png,-103.820137,1
02218639.png,-115.2160492,1
00817832.png,-54.8915863,1
02512570.png,-114.9647369,-1
00864856.png,-48.17471695,1
02529937.png,-67.97607422,-1
02506195.png,-48.39569092,-1
02191246.png,-151.6674347,1
02228354.png,-141.7911224,-1
02517420.png,-170.2401123,1
00870263.png,-63.00114059,1
00830663.png,-132.2517395,-1
02187346.png,-88.83293152,-1
00849925.png,-10.20416927,1
02219880.png,-18.26374435,1
00865863.png,-157.8346405,1
02172964.png,-162.0313721,-1
02529976.png,-166.254364,-1
02519210.png,-51.70531845,1
00868810.png,-145.9110107,-1
02521872.png,-45.89094925,1
02218920.png,-11.21523571,1
00847429.png,-11.08143902,1
02198547.png,-86.17056274,1
02225371.png,-43.82130814,1
02232330.png,-27.23116112,1
02225964.png,-121.1938019,1
02181449.png,-89.28526306,1
02510738.png,-42.31076431,1
00861424.png,-103.7579498,1
00824862.png,-120.5822601,-1
00847609.png,-128.5302429,1
02533067.png,-141.9532623,-1
02231164.png,-49.15402603,-1
02189773.png,-47.53964233,-1
00859713.png,-18.01551437,1
02533268.png,-153.3632202,-1
00822905.png,-175.3333435,-1
02183073.png,-1.741968751,1
02512972.png,-117.7281113,1
02533210.png,-94.38887787,1
02172276.png,-118.2192154,-1
00852994.png,-124.2653427,-1
02212494.png,-141.0590057,1
02214998.png,-167.5943756,1
02231558.png,-62.33275986,1
00815970.png,-9.678368568,1
00845144.png,-110.1537094,1
00837706.png,-177.2926788,-1
02532986.png,-7.359457493,1
02197165.png,-30.5832901,1
02207327.png,-114.0513992,-1
02220816.png,-91.10449219,-1
02229952.png,-33.51135254,0
02528060.png,-40.88326263,1
02527872.png,-135,0
02221542.png,-90.24353027,0
00866621.png,-80.27879333,-1
02520543.png,-90.4631424,1
02227992.png,-124.6624222,-1
02532183.png,-27.98756981,1
02531608.png,-88.47387695,-1
00866581.png,-29.73167229,1
02501375.png,-48.15520859,-1
02183242.png,-91.49648285,-1
02224211.png,-31.92181969,1
00828581.png,-48.84483337,-1
02186290.png,-161.2851715,-1
02517663.png,-153.4606934,-1
00835799.png,-132.5582123,1
00841335.png,-33.12530136,1
02532264.png,-78.31842804,-1
02195600.png,-92.21819305,1
00853850.png,-8.209011078,-1
02216661.png,-30.69423294,1
02194050.png,-91.89678192,-1
02173329.png,-112.1913605,-1
02528515.png,-67.6532135,-1
00849192.png,-53.7761116,-1
02509577.png,-158.7512054,-1
02173004.png,-151.894455,-1
02211016.png,-152.555542,-1
02208002.png,-110.2303543,-1
02508468.png,-120.3049088,1
02202214.png,-79.00911713,1
00854169.png,-51.45738983,1
00816632.png,-41.33541107,-1
00842610.png,-25.75684547,1
02212533.png,-97.33026886,1
02214368.png,-25.73592186,1
02231761.png,-167.5386963,-1
02529088.png,-81.58054352,-1
00841577.png,-39.4675827,1
00848595.png,-27.21124458,1
00851545.png,-132.5687256,-1
00832632.png,-163.9290009,-1
02187178.png,-2.46704793,0
02209471.png,-8.00707531,-1
02518897.png,-176.9477386,-1
02193889.png,-118.0596466,-1
02189208.png,-80.2212677,1
00823189.png,-175.7399597,-1
02193766.png,-132.5610199,-1
02197328.png,-74.82318878,-1
02198262.png,-11.79217529,1
02518222.png,-163.3241272,-1
02213929.png,-121.2773209,-1
00866988.png,-37.33978271,1
02199637.png,-36.44749832,-1
02192104.png,-160.124527,-1
02221825.png,-91.17136383,-1
02233532.png,-146.4114838,1
00827343.png,-100.2547073,1
02198588.png,-84.03847504,1
00835205.png,-110.2563019,-1
02535075.png,-68.54243469,1
02178203.png,-39.36297607,1
00858098.png,-18.21067429,1
02222811.png,-14.22170734,1
00867274.png,-124.914238,-1
02208555.png,-167.9449921,1
02213397.png,-86.17368317,0
02523514.png,-49.06307602,1
02211640.png,-153.3017426,-1
00852408.png,-115.2097778,-1
02231124.png,-59.10446548,1
00856848.png,-111.396553,-1
02203077.png,-15.83360386,1
02527030.png,-36.20639038,1
02201770.png,-107.888031,-1
02179283.png,-163.7595062,1
02508427.png,-117.0261154,1
00853727.png,-11.25511074,-1
00862469.png,-68.66051483,1
02509381.png,-126.1342468,1
02232930.png,-22.5,1
02193927.png,-88.52573395,-1
02515874.png,-91.39514923,0
02203712.png,-134.4165649,-1
02178322.png,-46.08350754,1
00825011.png,-117.0416946,-1
02224170.png,-27.55285645,1
00870344.png,-23.87445259,-1
02525598.png,-174.2448578,-1
02197816.png,-139.2919617,-1
02231363.png,-172.8643188,0
02181732.png,-74.61192322,-1
00825253.png,-125.8272247,-1
00864327.png,-8.507462502,-1
02522714.png,-25.59261894,1
02519494.png,-77.75814819,1
02533060.png,-90,-1
00862551.png,-51.36364365,-1
00843310.png,-158.4644165,1
00836806.png,-163.6245728,1
00864049.png,-6.025774479,-1
02188267.png,-150.9411926,-1
02181281.png,-166.1820526,1
02184377.png,-53.04967499,1
00818600.png,-163.208252,-1
02217780.png,-44.43332291,1
02185312.png,-79.4324646,0
02191987.png,-66.31228638,1
02184985.png,-146.4756012,-1
02174562.png,-19.29299927,1
02209078.png,-112.5251083,-1
02202296.png,-67.41291809,0
00815684.png,-168.1563416,0
02529372.png,-37.55753326,1
02193603.png,-108.9047623,1
02523554.png,-50.64897537,1
02526875.png,-34.94023895,1
00836367.png,-122.1685028,1
02533904.png,-63.39207458,-1
00860359.png,-6.829776287,-1
00849273.png,-50.36584854,-1
02193032.png,-121.6442108,1
02197694.png,-136.3318176,1
02534018.png,-81.96781921,-1
02182229.png,-99.94644165,1
00866103.png,-31.50080299,-1
02503981.png,-30.57252312,1
00839165.png,-131.5958405,-1
02217510.png,-40.70630646,1
02516860.png,-165.4833679,-1
00839709.png,-2.04539299,-1
00826997.png,-92.5548172,1
02203634.png,-63.97524261,1
02208592.png,-15.50215721,1
00857732.png,-66.39402008,1
02504225.png,-32.67350388,1
02502021.png,-92.72251129,1
00818763.png,-68.77484894,1
02516625.png,-154.4204254,1
00868453.png,-126.2557373,-1
02512217.png,-108.3245316,-1
02181999.png,-154.0359955,0
02218015.png,-141.9733429,-1
02200513.png,-55.43632889,-1
02204856.png,-135.4734497,-1
00851381.png,-33.66467667,0
02189894.png,-12.0500555,1
00863886.png,-49.9836998,-1
00845336.png,-149.9894714,-1
00853688.png,-46.10215378,1
02520140.png,-167.3893433,-1
00840144.png,-68.66261292,1
00816357.png,-7.615022659,-1
00866376.png,-68.08893585,1
00817750.png,-70.60943604,-1
02513796.png,-156.0650787,-1
02186650.png,-62.12392807,1
02529129.png,-62.15435028,-1
02181530.png,-79.13677979,-1
00854291.png,-141.9873199,-1
00845814.png,-91.34806061,1
02187381.png,-47.24337006,1
02513418.png,-89.2390213,-1
00854989.png,-62.50863647,1
02172882.png,-156.4115601,1
02503459.png,-6.738750458,-1
02533027.png,-141.7581482,-1
02196997.png,-103.5027161,1
02207651.png,-69.85961151,1
00834929.png,-152.9255981,1
02512650.png,-150.3985901,-1
02219846.png,-92.14665985,1
02202298.png,-23.30854988,1
02176646.png,-151.6384888,1
02219552.png,-111.7560043,1
00852488.png,-97.3223114,1
00827463.png,-51.45489502,1
02232850.png,-31.696064,1
02189406.png,-16.29961586,-1
02501225.png,-90.92285156,1
02183317.png,-116.626358,1
02214288.png,-1.875806332,-1
00861992.png,-130.0167389,-1
02511776.png,-96.86849213,-1
00866417.png,-56.68193436,-1
02516979.png,-150.0189972,-1
00857486.png,-138.4768677,-1
00857281.png,-35.50667191,-1
02506642.png,-65.69668579,-1
02511897.png,-30.33552551,1
00816279.png,-177.6065674,-1
00825615.png,-99.50131989,-1
02216581.png,-91.00354004,1
02212609.png,-16.25916672,1
02534334.png,-92.4409256,-1
02187786.png,-57.78404617,1
02191364.png,-34.18165207,-1
00835532.png,-172.8829651,-1
00830623.png,-136.7336731,-1
02202956.png,-73.23775482,1
02192020.png,-91.28868103,1
00867110.png,-173.8287354,-1
02522792.png,-23.14687729,1
00859835.png,-43.99830627,1
00830145.png,-161.3053436,1
00838851.png,-125.050209,1
00852912.png,-69.10025787,1
02217740.png,-154.0831451,-1
00837345.png,-88.15254974,-1
02523232.png,-46.42726135,-1
02528881.png,-87.79127502,0
02529252.png,-64.3504715,-1
00853932.png,-70.59041595,1
02218800.png,-164.7437286,-1
02197287.png,-77.24576569,1
00851743.png,-144.3612671,-1
00827707.png,-133.5973816,-1
02210894.png,-112.9916534,-1
02207496.png,-65.01823425,-1
00816164.png,-165.3146973,1
02226340.png,-94.45946503,1
02197491.png,-60.52844238,-1
02534391.png,-29.91627121,1
00855557.png,-50.13611221,-1
02226462.png,-87.90753174,1
00864409.png,-14.03012753,1
02520181.png,-154.5731049,-1
02514077.png,-56.81819153,-1
02194460.png,-83.43115234,1
02524608.png,-73.981987,1
02224493.png,-102.7730942,1
02189325.png,-49.60282516,-1
02532385.png,-47.21871185,1
00837586.png,-110.2393723,0
02231680.png,-29.86047173,1
02179120.png,-165.1199036,-1
02520184.png,-92.74089813,-1
00833111.png,-85.02097321,-1
00817077.png,-64.40630341,1
02528963.png,-86.98078918,1
02509946.png,-114.0605316,-1
00848920.png,-34.74008179,-1
02533977.png,-83.2795105,1
02218516.png,-113.2464066,1
00833266.png,-158.1173248,1
00817873.png,-39.68864059,1
02502556.png,-80.48917389,-1
00871068.png,-7.309767723,1
02195879.png,-48.08231735,1
02218880.png,-164.6345978,-1
00851340.png,-60.53186417,1
02517703.png,-52.4426651,-1
02189156.png,-90.40824127,1
02534311.png,-1.030816317,1
00866499.png,-19.88383865,1
02196721.png,-54.19202423,1
00862715.png,-163.8931274,-1
02533469.png,-12.76713657,1
02209045.png,-65.62142181,1
02204490.png,-163.0569153,1
02219839.png,-28.18147278,1
02521144.png,-175.4066925,-1
02226088.png,-3.046275377,1
02519296.png,-90.48112488,1
02522438.png,-57.34120941,1
02213563.png,-108.3780518,1
02530458.png,-63.62396622,1
02179243.png,-157.6308594,1
02230074.png,-16.10319138,1
00828622.png,-64.5909729,1
02503457.png,-55.20383835,1
02189204.png,-63.0318985,1
02505953.png,-63.45919418,-1
02207043.png,-112.7606354,-1
02181240.png,-162.6130676,-1
02504550.png,-175.0038757,-1
02524839.png,-168.8504181,1
02185026.png,-22.76976967,1
02518303.png,-144.7749939,-1
02187225.png,-97.94779205,1
02516821.png,-152.6398773,-1
00827303.png,-42.48134613,1
00823414.png,-66.35100555,1
02529047.png,-80.34575653,-1
00853607.png,-167.0363617,-1
02202665.png,-17.96872711,1
02211137.png,-95.02426147,1
02531902.png,-44.96574402,1
02516233.png,-67.85408783,1
00824078.png,-34.38907242,1
02221133.png,-18.99272346,1
02220976.png,-86.32562256,1
02521911.png,-37.57727051,1
02232291.png,-41.79060364,1
00858539.png,-13.26920319,1
00862071.png,-42.45422363,1
02519413.png,-148.6936951,-1
02502679.png,-68.07566833,-1
02203230.png,-50.66653442,1
00818923.png,-79.45000458,-1
00827223.png,-114.3396606,-1
00845521.png,-94.06169891,1
02204333.png,-144.5398712,-1
00831871.png,-20.16561127,1
02532667.png,-3.086409569,1
02233653.png,-175.11203,1
02202177.png,-157.1728668,-1
02211409.png,-91.4572525,1
00815848.png,-110.3991013,-1
02194009.png,-89.95944977,-1
02529645.png,-91.90851593,-1
02196920.png,-48.64373398,-1
00849723.png,-130.8273315,-1
02233372.png,-3.428178549,1
00835573.png,-94.31800079,1
02215079.png,-164.9985657,1
02186371.png,-155.8482666,-1
02527546.png,-21.34673309,1
02185108.png,-147.5939636,-1
02229714.png,-88.88903809,-1
02532426.png,-142.274353,1
00861869.png,-43.52441788,1
00842016.png,-158.7240601,-1
00826340.png,-173.7542877,-1
02509151.png,-4.873378277,1
00836326.png,-122.3707275,0
02231751.png,-86.75939178,1
02214637.png,-8.406020164,-1
02523434.png,-160.5661621,-1
02220689.png,-124.3600082,1
00827148.png,-95.04720306,1
02520504.png,-175.920929,-1
00851504.png,-31.71641159,-1
02521104.png,-41.37874985,-1
02523266.png,-93.0477066,-1
02510105.png,-82.79935455,1
00862756.png,-5.345193863,-1
02184658.png,-48.31487656,-1
02532409.png,-82.49904633,1
00856497.png,-109.683403,-1
02529170.png,-71.40886688,1
02520061.png,-46.00517654,1
02187827.png,-38.08541107,-1
00852447.png,-4.202168465,1
02513525.png,-40.12728882,1
02504754.png,-177.8314972,-1
02530137.png,-29.35569,-1
02206015.png,-101.9032211,-1
00826609.png,-44.07697296,1
02226331.png,-135.5509033,1
02521590.png,-146.0232849,1
02217661.png,-119.5019836,-1
02533188.png,-8.506793022,-1
00864450.png,-46.56260681,1
02509617.png,-170.7333069,-1
00830420.png,-31.64548111,1
02203594.png,-66.33956146,1
00860078.png,-57.9834671,1
02518937.png,-114.6901016,-1
00831026.png,-106.2388153,1
00838366.png,-91.04194641,1
02173249.png,-113.629509,1
00845408.png,-131.5256195,-1
00825373.png,-18.01502419,-1
00831422.png,-93.07077026,1
02182116.png,-11.12744045,-1
02220810.png,-108.8389587,1
02504713.png,-175.8724823,-1
02502638.png,-65.73540497,-1
02503540.png,-171.2577972,1
02532328.png,-97.00254059,-1
02204255.png,-18.61091805,-1
02232810.png,-9.921482086,1
02506683.png,-67.0711441,-1
02183364.png,-89.82728577,1
02229318.png,-143.9809418,-1
00862879.png,-173.5765076,1
00815561.png,-23.91843033,1
00867069.png,-174.9539642,-1
02231802.png,-17.81949615,1
02213247.png,-158.7040405,-1
02530017.png,-40.81704712,-1
02225600.png,-10.89827442,-1
02514157.png,-19.1002655,0
02202711.png,-85.68843079,-1
02531822.png,-51.33348083,-1
02231598.png,-63.39532089,-1
02522237.png,-175.6173706,1
00864978.png,-35.50859833,1
00866336.png,-25.35334396,-1
02211449.png,-118.6817398,1
00840021.png,-151.4315186,-1
00863322.png,-152.1024323,-1
02220447.png,-114.6874466,-1
02223240.png,-6.18931675,1
00867518.png,-175.6572723,-1
02212688.png,-136.6093292,-1
02508068.png,-124.3364944,1
02189934.png,-16.45128632,-1
02213889.png,-114.9094849,1
02219000.png,-1.050453305,1
02219512.png,-119.4337616,-1
02223930.png,-178.2303467,1
02524879.png,-29.92930603,1
02226177.png,-1.018399119,1
02232890.png,-26.82877541,1
02216998.png,-90,-1
02532827.png,-148.9070587,-1
02533389.png,-44.07227325,-1
02232166.png,-5.366531372,-1
02196325.png,-171.8673096,-1
02179079.png,-38.31547165,1
02229830.png,-67.51303864,-1
02511980.png,-88.10484314,-1
02504266.png,-30.33857536,1
02206841.png,-31.20321465,0
02196879.png,-62.30598068,-1
00855112.png,-139.230896,1
02233493.png,-7.387276173,1
02506602.png,-78.13944244,-1
02518666.png,-135.323349,-1
00823268.png,-13.29478264,1
02194503.png,-102.8259506,-1
00857199.png,-51.5279808,-1
02184259.png,-45.96754456,1
02223532.png,-90.84233856,1
02516703.png,-163.3702545,-1
02195596.png,-58.76791382,1
00831780.png,-116.5058517,1
00844908.png,-155.7925568,1
02184536.png,-63.09947586,-1
00845262.png,-158.009964,1
02533371.png,-165.6239471,1
02195238.png,-59.76613998,1
02223565.png,-162.0152588,-1
02189330.png,-6.224553585,-1
02228072.png,-90.91838837,-1
02517180.png,-166.0503235,-1
02179891.png,-45.25395966,1
02506358.png,-167.7317963,-1
00853158.png,-160.1361237,-1
02174887.png,-115.5948944,1
02514879.png,-69.01722717,1
00831265.png,-121.5849457,-1
02528638.png,-48.3894577,-1
02509777.png,-112.1969681,-1
00843909.png,-115.6104813,1
00847684.png,-43.46920013,1
02503130.png,-60.85808182,-1
00844870.png,-141.8769226,1
02225843.png,-127.358078,-1
02204734.png,-37.59371567,1
02223890.png,-136.0214691,1
02524000.png,-50.94086456,-1
02204141.png,-132.4867096,1
02217585.png,-115.0492325,1
00819675.png,-73.09596252,-1
02526401.png,-161.4325409,1
02206681.png,-16.25554085,1
00852685.png,-4.202298641,1
00843950.png,-117.3585205,1
02173086.png,-145.3520508,1
02178361.png,-46.10230255,1
02197612.png,-157.6495209,0
02185032.png,-134.8032379,1
00841417.png,-160.7709045,1
02194132.png,-78.83448792,-1
02212455.png,-151.1528778,-1
00849884.png,-72.63554382,1
02180594.png,-91.83165741,0
02192065.png,-28.39347458,-1
02521388.png,-72.150383,-1
00831343.png,-88.7403717,1
00828663.png,-25.50481606,1
02228956.png,-28.00353241,1
00867233.png,-125.7318344,-1
02224291.png,-90.13748932,1
02202378.png,-89.23897552,1
02194547.png,-91.19296265,-1
02229116.png,-53.33859634,1
02519979.png,-35.93907166,-1
00817709.png,-71.57015991,-1
02174605.png,-178.6319427,1
02223195.png,-91.58760834,1
02218598.png,-107.4751129,1
02531138.png,-3.491098404,-1
02217431.png,-43.87478256,-1
02525042.png,-116.275383,1
00834441.png,-3.661675215,1
02526362.png,-147.6803436,-1
00859508.png,-42.8924408,1
02213482.png,-51.12222672,1
02526831.png,-80.51679993,1
00863202.png,-157.0536652,-1
02226168.png,-21.33878517,1
02212014.png,-119.3336716,-1
02517299.png,-52.67879486,1
00857159.png,-57.32566452,-1
00830583.png,-24.03583527,1
02510574.png,-91.19872284,1
02190843.png,-6.295942307,-1
02525487.png,-153.4039459,-1
02197822.png,-95.84622955,-1
00851585.png,-123.5541382,-1
00870947.png,-34.91796494,1
00816552.png,-75.0111618,-1
00850163.png,-66.59689331,1
02206881.png,-174.1000214,-1
02189163.png,-63.9962883,1
02208665.png,-161.8256989,-1
02225291.png,-169.7983246,1
02173370.png,-114.0585251,1
02501000.png,-89.8006897,1
00825726.png,-99.08568573,-1
02530659.png,-171.5949707,-1
02223361.png,-0.529193699,-1
00840650.png,-119.7886276,-1
02210435.png,-163.5949402,1
00851176.png,-24.39607811,1
02532820.png,-98.58747864,1
02231883.png,-71.07455444,-1
02198381.png,-42.05031204,-1
02202379.png,-179.1136322,-1
02213363.png,-7.346575737,1
02184027.png,-75.07952881,-1
