frame;slope;label
00815481.png;-17.796308517456055;1.0
00815561.png;-23.91843032836914;1.0
00815602.png;-40.86515426635742;1.0
00815643.png;-32.42778396606445;1.0
00815684.png;-168.15634155273438;0.0
00815725.png;-179.46258544921875;1.0
00815766.png;-12.03433895111084;1.0
00815807.png;-118.29190063476562;-1.0
00815848.png;-110.39910125732422;-1.0
00815889.png;-141.96336364746094;1.0
00815930.png;-123.1164779663086;-1.0
00815970.png;-9.67836856842041;1.0
00816010.png;-91.3405990600586;1.0
00816049.png;-95.21784210205078;1.0
00816088.png;-16.910690307617188;1.0
00816126.png;-142.96421813964844;-1.0
00816164.png;-165.314697265625;1.0
00816279.png;-177.6065673828125;-1.0
00816318.png;-169.31085205078125;-1.0
00816357.png;-7.615022659301758;-1.0
00816511.png;-110.63200378417969;1.0
00816552.png;-75.01116180419922;-1.0
00816632.png;-41.335411071777344;-1.0
00816914.png;-161.34304809570312;-1.0
00816954.png;-165.4239501953125;-1.0
00816995.png;-42.777015686035156;-1.0
00817077.png;-64.40630340576172;1.0
00817157.png;-87.49500274658203;-1.0
00817275.png;-51.08757400512695;-1.0
00817390.png;-178.71847534179688;-1.0
00817429.png;-3.195692539215088;-1.0
00817469.png;-177.8626708984375;1.0
00817508.png;-104.42404174804688;1.0
00817588.png;-144.24156188964844;-1.0
00817709.png;-71.57015991210938;-1.0
00817750.png;-70.60943603515625;-1.0
00817832.png;-54.89158630371094;1.0
00817873.png;-39.68864059448242;1.0
00817913.png;-154.5007781982422;-1.0
00818114.png;-163.48345947265625;-1.0
00818155.png;-38.728946685791016;1.0
00818194.png;-43.533180236816406;1.0
00818233.png;-49.02104949951172;1.0
00818355.png;-130.5272979736328;-1.0
00818519.png;-154.62033081054688;-1.0
00818560.png;-162.28961181640625;-1.0
00818600.png;-163.208251953125;-1.0
00818641.png;-170.76979064941406;-1.0
00818682.png;-166.9215850830078;-1.0
00818722.png;-0.4205663800239563;-1.0
00818763.png;-68.77484893798828;1.0
00818844.png;-51.06761932373047;-1.0
00818883.png;-53.70560073852539;1.0
00818923.png;-79.45000457763672;-1.0
00819039.png;-165.86981201171875;-1.0
00819078.png;-116.64515686035156;-1.0
00819116.png;-34.17049026489258;1.0
00819155.png;-130.8973846435547;-1.0
00819195.png;-39.24676513671875;1.0
00819234.png;-92.99822998046875;1.0
00819272.png;-40.18112564086914;1.0
00819471.png;-171.8229217529297;-1.0
00819513.png;-170.83705139160156;-1.0
00819553.png;-89.88788604736328;-1.0
00819675.png;-73.09596252441406;-1.0
00819716.png;-70.70613098144531;-1.0
00819757.png;-49.855438232421875;-1.0
00819880.png;-49.48793411254883;1.0
00819921.png;-26.52075958251953;1.0
00819962.png;-176.8372344970703;-1.0
00820003.png;-148.40733337402344;-1.0
00820044.png;-90.52689361572266;1.0
00820289.png;-133.01388549804688;-1.0
00820329.png;-122.93729400634766;-1.0
00820369.png;-124.8267822265625;-1.0
00820409.png;-70.44747161865234;1.0
00820449.png;-91.19468688964844;1.0
00820623.png;-89.6107177734375;-1.0
00820833.png;-90.06501007080078;1.0
00821105.png;-139.7039794921875;-1.0
00821347.png;-152.48794555664062;1.0
00821385.png;-48.711036682128906;1.0
00821423.png;-22.828256607055664;1.0
00821460.png;-161.95391845703125;-1.0
00821532.png;-8.584637641906738;1.0
00822551.png;-104.87861633300781;1.0
00822787.png;-136.8427734375;1.0
00822825.png;-90.0;-1.0
00822865.png;-10.10474967956543;1.0
00822905.png;-175.33334350585938;-1.0
00823028.png;-36.69832992553711;1.0
00823068.png;-45.912105560302734;1.0
00823149.png;-66.15025329589844;-1.0
00823189.png;-175.73995971679688;-1.0
00823229.png;-106.63933563232422;1.0
00823268.png;-13.294782638549805;1.0
00823305.png;-12.292732238769531;1.0
00823377.png;-141.6407470703125;-1.0
00823414.png;-66.35100555419922;1.0
00823784.png;-39.128746032714844;1.0
00823931.png;-98.55675506591797;1.0
00824004.png;-51.1945915222168;1.0
00824041.png;-52.05092239379883;1.0
00824078.png;-34.38907241821289;1.0
00824115.png;-90.1059341430664;1.0
00824349.png;-108.2964859008789;1.0
00824430.png;-48.80215835571289;1.0
00824470.png;-166.28521728515625;1.0
00824550.png;-163.6230010986328;-1.0
00824590.png;-95.00896453857422;1.0
00824627.png;-114.49391174316406;-1.0
00824665.png;-142.77972412109375;1.0
00824705.png;-175.90016174316406;-1.0
00824825.png;-169.18417358398438;-1.0
00824862.png;-120.58226013183594;-1.0
00824934.png;-100.60357666015625;-1.0
00825011.png;-117.04169464111328;-1.0
00825051.png;-129.13905334472656;-1.0
00825092.png;-108.16922760009766;1.0
00825253.png;-125.82722473144531;-1.0
00825293.png;-33.753395080566406;-1.0
00825333.png;-27.457082748413086;-1.0
00825373.png;-18.015024185180664;-1.0
00825413.png;-14.287646293640137;-1.0
00825453.png;-14.410226821899414;-1.0
00825494.png;-179.15057373046875;-1.0
00825535.png;-154.40895080566406;-1.0
00825615.png;-99.5013198852539;-1.0
00825653.png;-98.76232147216797;-1.0
00825689.png;-98.66375732421875;-1.0
00825726.png;-99.08568572998047;-1.0
00825763.png;-98.92728424072266;-1.0
00825800.png;-98.55025482177734;-1.0
00825876.png;-94.85576629638672;1.0
00825914.png;-94.6718521118164;-1.0
00825951.png;-99.03948974609375;1.0
00825987.png;-109.41495513916016;1.0
00826024.png;-150.9993896484375;1.0
00826062.png;-88.67420196533203;1.0
00826102.png;-45.19035720825195;1.0
00826142.png;-93.06847381591797;1.0
00826183.png;-138.2008819580078;1.0
00826303.png;-162.5732421875;0.0
00826340.png;-173.75428771972656;-1.0
00826527.png;-66.7614517211914;1.0
00826568.png;-53.83345031738281;1.0
00826609.png;-44.07697296142578;1.0
00826650.png;-143.3809051513672;-1.0
00826960.png;-89.4541244506836;-1.0
00826997.png;-92.55481719970703;1.0
00827148.png;-95.04720306396484;1.0
00827223.png;-114.33966064453125;-1.0
00827303.png;-42.481346130371094;1.0
00827343.png;-100.25470733642578;1.0
00827463.png;-51.45489501953125;1.0
00827504.png;-74.22172546386719;-1.0
00827544.png;-47.461570739746094;1.0
00827707.png;-133.59738159179688;-1.0
00828541.png;-57.76869201660156;-1.0
00828581.png;-48.84483337402344;-1.0
00828622.png;-64.59097290039062;1.0
00828663.png;-25.50481605529785;1.0
00828990.png;-58.483943939208984;1.0
00829070.png;-176.42288208007812;-1.0
00829152.png;-177.5511016845703;1.0
00829192.png;-137.65853881835938;-1.0
00829233.png;-24.01470184326172;1.0
00829311.png;-86.31009674072266;-1.0
00829390.png;-155.71731567382812;-1.0
00829431.png;-49.39533233642578;1.0
00829513.png;-156.37013244628906;-1.0
00829636.png;-166.2075958251953;-1.0
00829717.png;-105.30564880371094;-1.0
00829757.png;-105.20024871826172;-1.0
00829798.png;-102.73930358886719;-1.0
00829838.png;-99.39385986328125;1.0
00829878.png;-98.2075424194336;1.0
00829918.png;-105.06087493896484;-1.0
00830036.png;-11.673548698425293;1.0
00830073.png;-175.0983123779297;1.0
00830145.png;-161.3053436279297;1.0
00830217.png;-84.07347869873047;-1.0
00830257.png;-69.25293731689453;-1.0
00830298.png;-62.26998519897461;1.0
00830338.png;-150.01116943359375;-1.0
00830379.png;-150.1803741455078;-1.0
00830420.png;-31.64548110961914;1.0
00830502.png;-59.35103988647461;-1.0
00830542.png;-167.58135986328125;-1.0
00830583.png;-24.03583526611328;1.0
00830623.png;-136.73367309570312;-1.0
00830663.png;-132.25173950195312;-1.0
00830776.png;-174.0552520751953;-1.0
00830811.png;-113.18480682373047;-1.0
00830846.png;-37.84642791748047;1.0
00830916.png;-89.71151733398438;1.0
00830952.png;-138.85745239257812;-1.0
00831026.png;-106.23881530761719;1.0
00831107.png;-114.26776123046875;1.0
00831187.png;-28.30258560180664;-1.0
00831265.png;-121.58494567871094;-1.0
00831343.png;-88.74037170410156;1.0
00831422.png;-93.07077026367188;1.0
00831460.png;-167.5897216796875;1.0
00831497.png;-152.59767150878906;-1.0
00831746.png;-89.56556701660156;1.0
00831780.png;-116.50585174560547;1.0
00831871.png;-20.165611267089844;1.0
00832037.png;-24.535785675048828;1.0
00832077.png;-161.09783935546875;-1.0
00832157.png;-70.9365463256836;1.0
00832198.png;-72.00782775878906;-1.0
00832239.png;-69.05883026123047;-1.0
00832321.png;-172.1836700439453;1.0
00832443.png;-20.300037384033203;0.0
00832522.png;-3.6988110542297363;1.0
00832559.png;-8.805258750915527;1.0
00832632.png;-163.9290008544922;-1.0
00832668.png;-97.83796691894531;1.0
00832786.png;-115.0971908569336;-1.0
00832827.png;-108.68738555908203;1.0
00832909.png;-112.8058853149414;1.0
00832990.png;-3.761539936065674;1.0
00833031.png;-11.980428695678711;1.0
00833071.png;-27.63585090637207;1.0
00833111.png;-85.0209732055664;-1.0
00833152.png;-167.8874053955078;-1.0
00833191.png;-98.5968246459961;1.0
00833228.png;-132.6947784423828;-1.0
00833266.png;-158.11732482910156;1.0
00833307.png;-24.547626495361328;-1.0
00833348.png;-92.9483413696289;1.0
00833991.png;-124.08619689941406;-1.0
00834032.png;-125.20622253417969;-1.0
00834073.png;-125.48921203613281;-1.0
00834114.png;-125.64743041992188;-1.0
00834155.png;-126.93262481689453;-1.0
00834196.png;-146.46783447265625;1.0
00834318.png;-8.24133014678955;1.0
00834359.png;-129.75723266601562;-1.0
00834400.png;-155.02120971679688;-1.0
00834441.png;-3.661675214767456;1.0
00834482.png;-136.4783935546875;0.0
00834523.png;-109.81283569335938;1.0
00834563.png;-124.79507446289062;1.0
00834929.png;-152.92559814453125;1.0
00835205.png;-110.25630187988281;-1.0
00835287.png;-112.95328521728516;1.0
00835328.png;-23.465309143066406;1.0
00835369.png;-142.0745086669922;-1.0
00835410.png;-144.56214904785156;-1.0
00835451.png;-5.659061431884766;-1.0
00835532.png;-172.88296508789062;-1.0
00835573.png;-94.31800079345703;1.0
00835611.png;-95.2111587524414;1.0
00835723.png;-111.64704132080078;-1.0
00835761.png;-122.80938720703125;1.0
00835799.png;-132.55821228027344;1.0
00835839.png;-141.74794006347656;1.0
00836082.png;-91.27035522460938;1.0
00836244.png;-109.53782653808594;-1.0
00836285.png;-114.68775177001953;1.0
00836326.png;-122.3707275390625;0.0
00836367.png;-122.16850280761719;1.0
00836409.png;-98.11788177490234;1.0
00836450.png;-56.43863296508789;1.0
00836652.png;-5.016934871673584;-1.0
00836768.png;-170.7501983642578;1.0
00836806.png;-163.62457275390625;1.0
00836845.png;-94.1460189819336;1.0
00836883.png;-163.96946716308594;1.0
00836921.png;-122.66372680664062;-1.0
00836960.png;-119.69509887695312;-1.0
00836999.png;-124.23087310791016;1.0
00837037.png;-160.61074829101562;-1.0
00837077.png;-48.039546966552734;1.0
00837118.png;-99.22271728515625;1.0
00837236.png;-138.85137939453125;-1.0
00837273.png;-173.93658447265625;-1.0
00837345.png;-88.15254974365234;-1.0
00837463.png;-114.02796936035156;-1.0
00837505.png;-111.7160873413086;-1.0
00837546.png;-112.81659698486328;1.0
00837586.png;-110.23937225341797;0.0
00837706.png;-177.2926788330078;-1.0
00837746.png;-171.69139099121094;-1.0
00837826.png;-93.86372375488281;1.0
00837864.png;-112.49663543701172;0.0
00837901.png;-115.5265884399414;-1.0
00838220.png;-28.334613800048828;1.0
00838257.png;-22.933565139770508;1.0
00838293.png;-30.882387161254883;1.0
00838329.png;-107.95975494384766;-1.0
00838366.png;-91.04194641113281;1.0
00838403.png;-124.24015045166016;1.0
00838439.png;-32.473350524902344;1.0
00838475.png;-90.93831634521484;1.0
00838510.png;-22.931312561035156;1.0
00838544.png;-4.434169769287109;-1.0
00838580.png;-100.83454132080078;1.0
00838811.png;-171.90838623046875;-1.0
00838851.png;-125.05020904541016;1.0
00838892.png;-136.223388671875;1.0
00838933.png;-170.4543914794922;-1.0
00839165.png;-131.59584045410156;-1.0
00839242.png;-88.94319152832031;1.0
00839356.png;-146.34274291992188;1.0
00839394.png;-136.0584716796875;-1.0
00839473.png;-156.70643615722656;-1.0
00839514.png;-91.70502471923828;1.0
00839554.png;-55.100311279296875;1.0
00839634.png;-86.66120147705078;1.0
00839672.png;-157.41348266601562;-1.0
00839709.png;-2.0453929901123047;-1.0
00839746.png;-154.41024780273438;1.0
00839898.png;-62.135154724121094;-1.0
00839980.png;-132.41036987304688;-1.0
00840021.png;-151.4315185546875;-1.0
00840062.png;-76.87713623046875;-1.0
00840103.png;-62.9849967956543;-1.0
00840144.png;-68.66261291503906;1.0
00840266.png;-28.256824493408203;-1.0
00840307.png;-89.83478546142578;1.0
00840347.png;-160.85093688964844;-1.0
00840387.png;-39.6818733215332;1.0
00840427.png;-51.36400604248047;1.0
00840468.png;-88.4952392578125;-1.0
00840549.png;-177.6509552001953;1.0
00840589.png;-158.28855895996094;-1.0
00840630.png;-55.73583984375;1.0
00840650.png;-119.78862762451172;-1.0
00841016.png;-1.2999122142791748;-1.0
00841055.png;-167.31956481933594;-1.0
00841174.png;-143.46409606933594;-1.0
00841294.png;-56.39319610595703;-1.0
00841335.png;-33.125301361083984;1.0
00841376.png;-135.64512634277344;-1.0
00841417.png;-160.77090454101562;1.0
00841458.png;-89.82911682128906;1.0
00841538.png;-32.88999938964844;-1.0
00841577.png;-39.46758270263672;1.0
00841699.png;-35.22938537597656;1.0
00841740.png;-13.247852325439453;1.0
00841781.png;-63.69316864013672;-1.0
00841977.png;-71.62738800048828;-1.0
00842016.png;-158.72406005859375;-1.0
00842054.png;-136.30242919921875;-1.0
00842168.png;-133.15444946289062;-1.0
00842206.png;-124.06224822998047;-1.0
00842284.png;-44.52303695678711;1.0
00842363.png;-118.14383697509766;-1.0
00842404.png;-112.98887634277344;1.0
00842445.png;-121.753662109375;1.0
00842486.png;-1.3981711864471436;1.0
00842528.png;-95.26612091064453;1.0
00842569.png;-46.979454040527344;1.0
00842610.png;-25.756845474243164;1.0
00842650.png;-43.72449493408203;1.0
00842691.png;-43.41831588745117;1.0
00842732.png;-38.48445129394531;1.0
00842848.png;-160.7510528564453;-1.0
00842924.png;-95.5116958618164;1.0
00843000.png;-26.74214744567871;0.0
00843038.png;-151.14602661132812;1.0
00843119.png;-97.40111541748047;1.0
00843159.png;-14.465771675109863;1.0
00843199.png;-83.15880584716797;1.0
00843237.png;-22.67287826538086;1.0
00843274.png;-92.0621566772461;1.0
00843310.png;-158.46441650390625;1.0
00843380.png;-99.7737045288086;-1.0
00843420.png;-100.43560028076172;-1.0
00843460.png;-99.65865325927734;-1.0
00843620.png;-109.26216125488281;-1.0
00843745.png;-118.05233764648438;-1.0
00843786.png;-113.77596282958984;0.0
00843827.png;-114.61583709716797;1.0
00843868.png;-115.27984619140625;1.0
00843909.png;-115.61048126220703;1.0
00843950.png;-117.3585205078125;1.0
00843991.png;-113.75103759765625;1.0
00844033.png;-115.0604019165039;1.0
00844074.png;-114.15983581542969;1.0
00844115.png;-114.2137680053711;1.0
00844156.png;-115.87287902832031;1.0
00844197.png;-108.998046875;1.0
00844482.png;-35.087032318115234;1.0
00844522.png;-32.433258056640625;-1.0
00844563.png;-30.153989791870117;1.0
00844641.png;-96.52804565429688;1.0
00844832.png;-126.41988372802734;-1.0
00844870.png;-141.87692260742188;1.0
00844908.png;-155.7925567626953;1.0
00844985.png;-169.7147216796875;1.0
00845064.png;-5.084834098815918;-1.0
00845104.png;-176.72210693359375;1.0
00845144.png;-110.1537094116211;1.0
00845262.png;-158.0099639892578;1.0
00845299.png;-142.47085571289062;-1.0
00845336.png;-149.98947143554688;-1.0
00845408.png;-131.52561950683594;-1.0
00845445.png;-105.78887939453125;1.0
00845482.png;-91.5588150024414;1.0
00845521.png;-94.06169891357422;1.0
00845559.png;-99.71302032470703;1.0
00845596.png;-5.321724891662598;1.0
00845777.png;-120.56310272216797;1.0
00845814.png;-91.34806060791016;1.0
00847141.png;-110.01529693603516;1.0
00847177.png;-24.78536033630371;1.0
00847288.png;-90.44315338134766;1.0
00847324.png;-174.26390075683594;1.0
00847429.png;-11.081439018249512;1.0
00847463.png;-34.04090118408203;1.0
00847499.png;-40.85631561279297;1.0
00847535.png;-92.95570373535156;1.0
00847571.png;-107.67182922363281;1.0
00847609.png;-128.53024291992188;1.0
00847684.png;-43.469200134277344;1.0
00847722.png;-58.45634841918945;1.0
00847761.png;-71.22266387939453;-1.0
00847878.png;-88.0989761352539;-1.0
00847956.png;-127.09129333496094;-1.0
00847997.png;-90.15508270263672;1.0
00848077.png;-122.4101791381836;-1.0
00848158.png;-131.6374969482422;1.0
00848199.png;-109.94595336914062;1.0
00848240.png;-88.09611511230469;1.0
00848282.png;-43.71432113647461;1.0
00848404.png;-80.03788757324219;-1.0
00848518.png;-143.21090698242188;1.0
00848595.png;-27.211244583129883;1.0
00848717.png;-143.85513305664062;-1.0
00848757.png;-130.611328125;-1.0
00848798.png;-136.2522430419922;-1.0
00848839.png;-62.861698150634766;1.0
00848880.png;-60.50063705444336;-1.0
00848920.png;-34.740081787109375;-1.0
00849038.png;-90.80494689941406;-1.0
00849078.png;-71.11656951904297;-1.0
00849116.png;-71.3836898803711;1.0
00849192.png;-53.7761116027832;-1.0
00849232.png;-60.71852111816406;-1.0
00849273.png;-50.365848541259766;-1.0
00849314.png;-172.25543212890625;-1.0
00849355.png;-139.97555541992188;-1.0
00849396.png;-145.71180725097656;-1.0
00849437.png;-160.89959716796875;-1.0
00849519.png;-65.62716674804688;-1.0
00849560.png;-51.786651611328125;1.0
00849642.png;-95.16838073730469;-1.0
00849683.png;-90.6077880859375;1.0
00849723.png;-130.82733154296875;-1.0
00849762.png;-38.96699905395508;1.0
00849843.png;-103.96045684814453;-1.0
00849884.png;-72.63554382324219;1.0
00849925.png;-10.204169273376465;1.0
00849966.png;-40.841552734375;1.0
00850007.png;-69.0827865600586;1.0
00850163.png;-66.59689331054688;1.0
00850410.png;-13.782519340515137;1.0
00850533.png;-15.970412254333496;-1.0
00850572.png;-43.154815673828125;1.0
00850695.png;-147.49099731445312;-1.0
00851053.png;-61.5016975402832;-1.0
00851094.png;-37.24270248413086;1.0
00851176.png;-24.39607810974121;1.0
00851258.png;-69.01473999023438;-1.0
00851299.png;-60.70384979248047;1.0
00851340.png;-60.531864166259766;1.0
00851381.png;-33.664676666259766;0.0
00851463.png;-88.75922393798828;-1.0
00851504.png;-31.716411590576172;-1.0
00851545.png;-132.5687255859375;-1.0
00851585.png;-123.55413818359375;-1.0
00851626.png;-133.89561462402344;1.0
00851743.png;-144.36126708984375;-1.0
00851780.png;-153.73106384277344;-1.0
00851852.png;-133.8222198486328;-1.0
00851889.png;-87.90480041503906;1.0
00851928.png;-96.11073303222656;1.0
00852008.png;-111.7509765625;-1.0
00852049.png;-109.80782318115234;1.0
00852090.png;-113.41789245605469;-1.0
00852212.png;-163.52142333984375;-1.0
00852294.png;-152.00975036621094;-1.0
00852368.png;-121.26551818847656;1.0
00852408.png;-115.20977783203125;-1.0
00852447.png;-4.2021684646606445;1.0
00852488.png;-97.32231140136719;1.0
00852569.png;-33.08113479614258;1.0
00852648.png;-12.14888858795166;1.0
00852685.png;-4.202298641204834;1.0
00852758.png;-168.06919860839844;-1.0
00852832.png;-120.7724609375;-1.0
00852872.png;-62.761295318603516;1.0
00852912.png;-69.10025787353516;1.0
00852953.png;-69.67912292480469;-1.0
00852994.png;-124.26534271240234;-1.0
00853035.png;-152.7761688232422;-1.0
00853076.png;-139.69285583496094;-1.0
00853117.png;-150.29408264160156;-1.0
00853158.png;-160.13612365722656;-1.0
00853199.png;-159.30711364746094;-1.0
00853281.png;-76.38848114013672;-1.0
00853322.png;-65.46478271484375;-1.0
00853363.png;-66.14529418945312;1.0
00853404.png;-23.66040802001953;-1.0
00853485.png;-85.29863739013672;1.0
00853607.png;-167.03636169433594;-1.0
00853648.png;-170.0348663330078;-1.0
00853688.png;-46.10215377807617;1.0
00853727.png;-11.255110740661621;-1.0
00853767.png;-155.42822265625;1.0
00853809.png;-90.34205627441406;-1.0
00853850.png;-8.20901107788086;-1.0
00853891.png;-148.4793243408203;-1.0
00853932.png;-70.59041595458984;1.0
00853973.png;-1.1216442584991455;-1.0
00854013.png;-136.5249481201172;-1.0
00854092.png;-89.11292266845703;-1.0
00854169.png;-51.45738983154297;1.0
00854209.png;-62.82688903808594;1.0
00854250.png;-22.61688232421875;1.0
00854291.png;-141.98731994628906;-1.0
00854325.png;-97.42081451416016;1.0
00854366.png;-95.01326751708984;-1.0
00854407.png;-97.86279296875;1.0
00854578.png;-5.324600696563721;-1.0
00854620.png;-135.79257202148438;-1.0
00854661.png;-8.183095932006836;-1.0
00854743.png;-162.1365509033203;-1.0
00854784.png;-137.484375;-1.0
00854825.png;-159.2008514404297;1.0
00854866.png;-91.69156646728516;-1.0
00854907.png;-79.2390365600586;-1.0
00854948.png;-60.532554626464844;-1.0
00854989.png;-62.508636474609375;1.0
00855030.png;-177.1969757080078;1.0
00855071.png;-139.11512756347656;1.0
00855112.png;-139.23089599609375;1.0
00855152.png;-2.3679556846618652;1.0
00855191.png;-139.914306640625;-1.0
00855231.png;-49.839298248291016;1.0
00855476.png;-8.433490753173828;1.0
00855516.png;-9.317024230957031;-1.0
00855557.png;-50.136112213134766;-1.0
00855598.png;-46.25153350830078;1.0
00856033.png;-122.00064086914062;-1.0
00856073.png;-121.262451171875;-1.0
00856497.png;-109.68340301513672;-1.0
00856536.png;-109.74429321289062;-1.0
00856575.png;-108.66410064697266;-1.0
00856613.png;-111.88462829589844;-1.0
00856652.png;-111.16419219970703;-1.0
00856691.png;-110.91675567626953;-1.0
00856730.png;-110.99446105957031;-1.0
00856769.png;-110.93850708007812;-1.0
00856808.png;-111.08903503417969;-1.0
00856848.png;-111.39655303955078;-1.0
00857080.png;-137.9495086669922;-1.0
00857120.png;-44.09478759765625;-1.0
00857159.png;-57.32566452026367;-1.0
00857199.png;-51.52798080444336;-1.0
00857240.png;-2.923755407333374;-1.0
00857281.png;-35.50667190551758;-1.0
00857322.png;-46.729427337646484;-1.0
00857363.png;-33.19880676269531;-1.0
00857404.png;-176.3605499267578;-1.0
00857486.png;-138.47686767578125;-1.0
00857527.png;-144.3199005126953;-1.0
00857568.png;-169.32423400878906;-1.0
00857609.png;-12.853395462036133;1.0
00857691.png;-60.65756607055664;-1.0
00857732.png;-66.3940200805664;1.0
00857773.png;-41.90580749511719;1.0
00857814.png;-90.0689697265625;-1.0
00857936.png;-40.56254577636719;-1.0
00858016.png;-174.6474151611328;-1.0
00858057.png;-41.62793731689453;1.0
00858098.png;-18.210674285888672;1.0
00858138.png;-65.0050277709961;1.0
00858178.png;-64.08958435058594;1.0
00858374.png;-61.06537628173828;1.0
00858456.png;-145.2376708984375;-1.0
00858498.png;-31.950349807739258;-1.0
00858539.png;-13.269203186035156;1.0
00858580.png;-32.40891647338867;1.0
00858621.png;-78.55896759033203;-1.0
00858662.png;-67.95115661621094;1.0
00858744.png;-62.62139892578125;1.0
00858785.png;-26.237157821655273;1.0
00858867.png;-90.6562728881836;1.0
00858907.png;-144.69512939453125;-1.0
00858946.png;-35.011444091796875;1.0
00858985.png;-57.057891845703125;1.0
00859026.png;-40.10650634765625;1.0
00859149.png;-172.36611938476562;1.0
00859189.png;-148.5437774658203;-1.0
00859467.png;-49.05342102050781;-1.0
00859508.png;-42.89244079589844;1.0
00859549.png;-152.62632751464844;-1.0
00859631.png;-80.94001770019531;-1.0
00859672.png;-55.176475524902344;0.0
00859713.png;-18.015514373779297;1.0
00859795.png;-14.218886375427246;0.0
00859835.png;-43.99830627441406;1.0
00859957.png;-134.92739868164062;-1.0
00860078.png;-57.98346710205078;1.0
00860119.png;-119.7408218383789;-1.0
00860235.png;-58.63481521606445;-1.0
00860276.png;-113.0822525024414;-1.0
00860359.png;-6.829776287078857;-1.0
00860441.png;-71.32677459716797;-1.0
00860523.png;-87.28022003173828;-1.0
00861174.png;-56.800872802734375;-1.0
00861424.png;-103.75794982910156;1.0
00861545.png;-51.68398666381836;-1.0
00861623.png;-67.07096099853516;1.0
00861705.png;-137.2008056640625;-1.0
00861746.png;-51.27445602416992;1.0
00861787.png;-132.86668395996094;-1.0
00861828.png;-56.33934020996094;-1.0
00861869.png;-43.524417877197266;1.0
00861910.png;-0.7831401228904724;-1.0
00861992.png;-130.01673889160156;-1.0
00862032.png;-1.3132174015045166;-1.0
00862071.png;-42.4542236328125;1.0
00862112.png;-94.56832885742188;-1.0
00862153.png;-37.1888427734375;1.0
00862193.png;-40.6808967590332;1.0
00862234.png;-65.8338623046875;1.0
00862392.png;-49.61148452758789;-1.0
00862469.png;-68.66051483154297;1.0
00862510.png;-66.92747497558594;1.0
00862551.png;-51.363643646240234;-1.0
00862592.png;-16.967004776000977;-1.0
00862633.png;-137.58677673339844;-1.0
00862674.png;-153.80259704589844;-1.0
00862715.png;-163.89312744140625;-1.0
00862756.png;-5.345193862915039;-1.0
00862879.png;-173.57650756835938;1.0
00862920.png;-18.60000228881836;-1.0
00863002.png;-90.11837005615234;1.0
00863042.png;-10.079532623291016;1.0
00863081.png;-162.93678283691406;1.0
00863202.png;-157.0536651611328;-1.0
00863242.png;-42.42190170288086;1.0
00863322.png;-152.10243225097656;-1.0
00863559.png;-154.7294158935547;-1.0
00863601.png;-4.408631801605225;-1.0
00863724.png;-144.56222534179688;1.0
00863846.png;-48.20186996459961;1.0
00863886.png;-49.983699798583984;-1.0
00864008.png;-16.78851318359375;1.0
00864049.png;-6.0257744789123535;-1.0
00864327.png;-8.507462501525879;-1.0
00864368.png;-134.0791473388672;-1.0
00864409.png;-14.03012752532959;1.0
00864450.png;-46.56260681152344;1.0
00864614.png;-55.981624603271484;1.0
00864816.png;-55.910526275634766;1.0
00864856.png;-48.17471694946289;1.0
00864978.png;-35.50859832763672;1.0
00865019.png;-157.26609802246094;-1.0
00865059.png;-63.221492767333984;1.0
00865139.png;-54.5081787109375;1.0
00865179.png;-119.1744155883789;-1.0
00865333.png;-15.486898422241211;1.0
00865372.png;-64.20745849609375;-1.0
00865413.png;-39.2332649230957;-1.0
00865495.png;-153.3732452392578;0.0
00865536.png;-33.27916717529297;1.0
00865577.png;-2.43872332572937;-1.0
00865700.png;-58.80764389038086;1.0
00865863.png;-157.8346405029297;1.0
00865903.png;-42.01771926879883;1.0
00865942.png;-54.93272399902344;1.0
00865983.png;-118.52423858642578;-1.0
00866023.png;-9.508268356323242;1.0
00866062.png;-160.99403381347656;-1.0
00866103.png;-31.500802993774414;-1.0
00866183.png;-65.11663818359375;-1.0
00866336.png;-25.353343963623047;-1.0
00866376.png;-68.08893585205078;1.0
00866417.png;-56.68193435668945;-1.0
00866458.png;-33.90062713623047;1.0
00866499.png;-19.883838653564453;1.0
00866540.png;-20.46228790283203;1.0
00866581.png;-29.731672286987305;1.0
00866621.png;-80.27879333496094;-1.0
00866703.png;-1.0647965669631958;1.0
00866744.png;-1.1330780982971191;1.0
00866785.png;-115.77037811279297;1.0
00866826.png;-124.49675750732422;-1.0
00866906.png;-132.89759826660156;1.0
00866988.png;-37.33978271484375;1.0
00867028.png;-164.3547821044922;-1.0
00867069.png;-174.95396423339844;-1.0
00867110.png;-173.8287353515625;-1.0
00867151.png;-160.83689880371094;-1.0
00867192.png;-138.67385864257812;-1.0
00867233.png;-125.7318344116211;-1.0
00867274.png;-124.91423797607422;-1.0
00867314.png;-135.07420349121094;-1.0
00867355.png;-157.114501953125;-1.0
00867396.png;-170.02059936523438;-1.0
00867437.png;-173.3251190185547;-1.0
00867477.png;-173.81439208984375;-1.0
00867518.png;-175.6572723388672;-1.0
00867559.png;-175.3290252685547;-1.0
00867599.png;-171.23524475097656;-1.0
00867640.png;-138.81298828125;-1.0
00867681.png;-141.8210906982422;-1.0
00867722.png;-14.772802352905273;-1.0
00867762.png;-15.950695037841797;-1.0
00867803.png;-160.37307739257812;-1.0
00867844.png;-156.25238037109375;-1.0
00867884.png;-31.40021514892578;-1.0
00867925.png;-126.57118225097656;-1.0
00867966.png;-51.77178192138672;-1.0
00868007.png;-144.82199096679688;-1.0
00868048.png;-125.32018280029297;-1.0
00868089.png;-167.84971618652344;-1.0
00868130.png;-63.412750244140625;-1.0
00868170.png;-60.91600799560547;-1.0
00868453.png;-126.2557373046875;-1.0
00868728.png;-61.10529327392578;1.0
00868810.png;-145.9110107421875;-1.0
00868891.png;-57.34238052368164;-1.0
00868932.png;-66.84528350830078;1.0
00869052.png;-159.4891357421875;-1.0
00869214.png;-147.96507263183594;-1.0
00869450.png;-6.3004913330078125;-1.0
00869491.png;-117.2373046875;-1.0
00869613.png;-6.817693710327148;-1.0
00869940.png;-168.03866577148438;-1.0
00869979.png;-57.941795349121094;1.0
00870263.png;-63.00114059448242;1.0
00870303.png;-61.18840408325195;1.0
00870344.png;-23.874452590942383;-1.0
00870540.png;-53.74686050415039;-1.0
00870581.png;-4.1245436668396;-1.0
00870622.png;-156.28692626953125;-1.0
00870663.png;-151.52627563476562;-1.0
00870786.png;-5.37143611907959;-1.0
00870826.png;-40.512359619140625;1.0
00870947.png;-34.917964935302734;1.0
00871027.png;-97.91705322265625;-1.0
00871068.png;-7.309767723083496;1.0
00871108.png;-9.208745002746582;1.0
00871148.png;-61.88311004638672;-1.0
00871228.png;-171.16636657714844;-1.0
02172276.png;-118.2192153930664;-1.0
02172358.png;-89.49718475341797;1.0
02172517.png;-127.50267028808594;-1.0
02172558.png;-137.1579132080078;-1.0
02172598.png;-144.01712036132812;-1.0
02172882.png;-156.41156005859375;1.0
02172923.png;-173.39283752441406;1.0
02172964.png;-162.0313720703125;-1.0
02173004.png;-151.8944549560547;-1.0
02173045.png;-148.42649841308594;-1.0
02173086.png;-145.35205078125;1.0
02173127.png;-141.03836059570312;-1.0
02173167.png;-136.72276306152344;1.0
02173249.png;-113.62950897216797;1.0
02173289.png;-113.29338073730469;-1.0
02173329.png;-112.19136047363281;-1.0
02173370.png;-114.05852508544922;1.0
02173922.png;-137.30599975585938;-1.0
02173961.png;-160.69049072265625;-1.0
02174001.png;-176.0474395751953;-1.0
02174562.png;-19.292999267578125;1.0
02174603.png;-1.6834272146224976;0.0
02174605.png;-178.63194274902344;1.0
02174684.png;-177.51783752441406;-1.0
02174725.png;-176.4977569580078;1.0
02174766.png;-177.83621215820312;1.0
02174887.png;-115.59489440917969;1.0
02174930.png;-78.92425537109375;-1.0
02174968.png;-118.74740600585938;1.0
02175009.png;-126.32193756103516;1.0
02175091.png;-88.41844177246094;-1.0
02176646.png;-151.63848876953125;1.0
02176888.png;-168.09130859375;1.0
02177410.png;-52.11089324951172;-1.0
02177890.png;-98.39786529541016;1.0
02178163.png;-40.300655364990234;1.0
02178203.png;-39.36297607421875;1.0
02178322.png;-46.0835075378418;1.0
02178361.png;-46.10230255126953;1.0
02178633.png;-133.3900909423828;-1.0
02178713.png;-37.03443145751953;1.0
02178754.png;-27.896203994750977;1.0
02179079.png;-38.31547164916992;1.0
02179084.png;-89.78245544433594;-1.0
02179120.png;-165.11990356445312;-1.0
02179161.png;-146.85470581054688;-1.0
02179202.png;-154.1958770751953;-1.0
02179243.png;-157.630859375;1.0
02179283.png;-163.75950622558594;1.0
02179405.png;-151.33551025390625;1.0
02179730.png;-3.8320064544677734;1.0
02179891.png;-45.25395965576172;1.0
02179976.png;-90.5616455078125;-1.0
02180051.png;-171.5460662841797;1.0
02180129.png;-158.373291015625;-1.0
02180168.png;-172.90805053710938;0.0
02180206.png;-13.870553970336914;1.0
02180245.png;-33.67876434326172;1.0
02180284.png;-45.37139892578125;1.0
02180324.png;-44.172332763671875;1.0
02180363.png;-39.21310043334961;1.0
02180521.png;-35.18186950683594;1.0
02180594.png;-91.83165740966797;0.0
02180793.png;-141.6734161376953;1.0
02180874.png;-36.022762298583984;1.0
02181158.png;-40.78484344482422;1.0
02181199.png;-28.90069007873535;1.0
02181204.png;-177.5253143310547;1.0
02181240.png;-162.61306762695312;-1.0
02181281.png;-166.1820526123047;1.0
02181322.png;-16.146562576293945;1.0
02181363.png;-146.23208618164062;-1.0
02181449.png;-89.28526306152344;1.0
02181485.png;-117.8089828491211;-1.0
02181530.png;-79.13677978515625;-1.0
02181565.png;-118.3338851928711;1.0
02181646.png;-145.48748779296875;1.0
02181732.png;-74.61192321777344;-1.0
02181922.png;-33.53542709350586;1.0
02181960.png;-164.2792510986328;-1.0
02181999.png;-154.03599548339844;0.0
02182077.png;-46.02375411987305;1.0
02182116.png;-11.127440452575684;-1.0
02182195.png;-3.6403446197509766;1.0
02182229.png;-99.94644165039062;1.0
02182234.png;-28.325977325439453;1.0
02182274.png;-154.44578552246094;-1.0
02182464.png;-92.91992950439453;-1.0
02182546.png;-40.8369026184082;1.0
02182627.png;-137.18304443359375;-1.0
02182668.png;-3.715749979019165;1.0
02182951.png;-12.426727294921875;-1.0
02182992.png;-144.7215576171875;-1.0
02183032.png;-12.434253692626953;1.0
02183038.png;-91.18628692626953;-1.0
02183073.png;-1.7419687509536743;1.0
02183114.png;-142.77357482910156;-1.0
02183236.png;-170.93450927734375;1.0
02183242.png;-91.4964828491211;-1.0
02183277.png;-124.45266723632812;1.0
02183317.png;-116.62635803222656;1.0
02183364.png;-89.82728576660156;1.0
02183440.png;-117.93812561035156;-1.0
02183480.png;-116.80268859863281;1.0
02183561.png;-171.25466918945312;1.0
02183601.png;-158.98297119140625;-1.0
02183833.png;-92.23888397216797;1.0
02184027.png;-75.07952880859375;-1.0
02184067.png;-57.424312591552734;-1.0
02184220.png;-40.7630615234375;-1.0
02184259.png;-45.96754455566406;1.0
02184298.png;-47.64542770385742;1.0
02184337.png;-49.60694122314453;1.0
02184377.png;-53.04967498779297;1.0
02184416.png;-53.54056167602539;1.0
02184456.png;-66.81161499023438;0.0
02184496.png;-67.12989044189453;-1.0
02184536.png;-63.0994758605957;-1.0
02184658.png;-48.314876556396484;-1.0
02184699.png;-61.96681213378906;0.0
02184820.png;-171.70326232910156;0.0
02184903.png;-30.81611442565918;-1.0
02184937.png;-90.40485382080078;0.0
02184985.png;-146.47560119628906;-1.0
02185026.png;-22.7697696685791;1.0
02185032.png;-134.80323791503906;1.0
02185067.png;-20.224254608154297;-1.0
02185108.png;-147.59396362304688;-1.0
02185149.png;-158.6313934326172;0.0
02185190.png;-18.07867431640625;1.0
02185312.png;-79.43246459960938;0.0
02185353.png;-74.49262237548828;-1.0
02185557.png;-53.76250076293945;-1.0
02185598.png;-61.92558670043945;1.0
02185639.png;-62.55474853515625;1.0
02185847.png;-75.91929626464844;-1.0
02185883.png;-19.58271598815918;1.0
02185965.png;-157.7254180908203;1.0
02186087.png;-159.52272033691406;1.0
02186128.png;-136.34451293945312;-1.0
02186169.png;-8.355415344238281;-1.0
02186250.png;-41.81277847290039;1.0
02186290.png;-161.28517150878906;-1.0
02186371.png;-155.8482666015625;-1.0
02186452.png;-58.681148529052734;1.0
02186492.png;-48.576263427734375;1.0
02186532.png;-170.3415985107422;1.0
02186571.png;-9.903101921081543;1.0
02186575.png;-91.881591796875;-1.0
02186650.png;-62.12392807006836;1.0
02186690.png;-51.30042266845703;1.0
02186694.png;-94.5439682006836;1.0
02186730.png;-150.61782836914062;1.0
02186771.png;-142.82638549804688;-1.0
02186812.png;-12.72512435913086;1.0
02186894.png;-50.707366943359375;-1.0
02186899.png;-17.22419548034668;-1.0
02187137.png;-36.18345642089844;1.0
02187178.png;-2.467047929763794;0.0
02187219.png;-165.20741271972656;-1.0
02187225.png;-97.94779205322266;1.0
02187259.png;-151.5889434814453;-1.0
02187264.png;-89.04598999023438;-1.0
02187299.png;-6.958573818206787;1.0
02187305.png;-89.21882629394531;-1.0
02187340.png;-37.58403778076172;1.0
02187346.png;-88.83293151855469;-1.0
02187381.png;-47.243370056152344;1.0
02187461.png;-62.6806640625;-1.0
02187502.png;-55.32579803466797;-1.0
02187543.png;-64.58522033691406;1.0
02187590.png;-105.1467514038086;-1.0
02187664.png;-94.81779479980469;-1.0
02187704.png;-39.32400131225586;1.0
02187786.png;-57.7840461730957;1.0
02187827.png;-38.085411071777344;-1.0
02187905.png;-9.048604011535645;1.0
02187943.png;-88.57748413085938;-1.0
02187981.png;-48.504451751708984;1.0
02188021.png;-69.63694763183594;1.0
02188062.png;-68.2923812866211;1.0
02188185.png;-44.84661865234375;-1.0
02188267.png;-150.94119262695312;-1.0
02188308.png;-5.0066351890563965;1.0
02188342.png;-81.84349822998047;1.0
02188390.png;-45.7295036315918;1.0
02188424.png;-31.1770076751709;-1.0
02188431.png;-36.92153549194336;1.0
02188472.png;-28.861478805541992;1.0
02188512.png;-34.179622650146484;1.0
02188553.png;-25.830936431884766;-1.0
02188594.png;-81.27603149414062;-1.0
02188635.png;-67.5786361694336;1.0
02188676.png;-72.6427001953125;1.0
02188717.png;-69.84622192382812;-1.0
02188758.png;-63.198570251464844;1.0
02188839.png;-48.5821647644043;1.0
02188886.png;-100.76344299316406;0.0
02188921.png;-36.95900344848633;1.0
02189048.png;-179.21690368652344;1.0
02189123.png;-60.53593444824219;1.0
02189156.png;-90.40824127197266;1.0
02189163.png;-63.99628829956055;1.0
02189204.png;-63.031898498535156;1.0
02189208.png;-80.22126770019531;1.0
02189245.png;-59.52633285522461;1.0
02189325.png;-49.60282516479492;-1.0
02189330.png;-6.22455358505249;-1.0
02189406.png;-16.29961585998535;-1.0
02189488.png;-2.3876266479492188;1.0
02189529.png;-148.55177307128906;-1.0
02189570.png;-153.1737823486328;-1.0
02189611.png;-148.340576171875;-1.0
02189652.png;-138.99754333496094;-1.0
02189692.png;-60.545921325683594;1.0
02189736.png;-95.79057312011719;-1.0
02189773.png;-47.539642333984375;-1.0
02189813.png;-46.89564895629883;1.0
02189894.png;-12.050055503845215;1.0
02189934.png;-16.45128631591797;-1.0
02190763.png;-7.706970691680908;-1.0
02190803.png;-9.711296081542969;-1.0
02190843.png;-6.295942306518555;-1.0
02190883.png;-166.63076782226562;1.0
02191246.png;-151.6674346923828;1.0
02191286.png;-45.95471954345703;1.0
02191326.png;-48.12897491455078;1.0
02191364.png;-34.1816520690918;-1.0
02191482.png;-165.12908935546875;-1.0
02191520.png;-170.0879669189453;1.0
02191559.png;-7.695537090301514;1.0
02191635.png;-157.67140197753906;-1.0
02191669.png;-106.21034240722656;-1.0
02191674.png;-36.45390701293945;1.0
02191714.png;-33.07701110839844;1.0
02191791.png;-136.87530517578125;-1.0
02191830.png;-161.8282470703125;1.0
02191911.png;-60.183135986328125;-1.0
02191987.png;-66.31228637695312;1.0
02192020.png;-91.28868103027344;1.0
02192026.png;-52.292816162109375;1.0
02192059.png;-87.04073333740234;-1.0
02192065.png;-28.393474578857422;-1.0
02192104.png;-160.12452697753906;-1.0
02192184.png;-136.5052947998047;-1.0
02192468.png;-72.9301528930664;1.0
02192832.png;-98.99280548095703;1.0
02192871.png;-43.18984603881836;-1.0
02192912.png;-34.08272171020508;1.0
02193032.png;-121.64421081542969;1.0
02193603.png;-108.9047622680664;1.0
02193644.png;-108.0859146118164;1.0
02193685.png;-108.10588836669922;1.0
02193722.png;-90.10160064697266;0.0
02193725.png;-113.78717041015625;-1.0
02193766.png;-132.56101989746094;-1.0
02193845.png;-91.93347930908203;1.0
02193886.png;-93.59436798095703;1.0
02193889.png;-118.05964660644531;-1.0
02193927.png;-88.5257339477539;-1.0
02193968.png;-94.29307556152344;-1.0
02194009.png;-89.9594497680664;-1.0
02194050.png;-91.89678192138672;-1.0
02194132.png;-78.83448791503906;-1.0
02194215.png;-84.47740936279297;-1.0
02194256.png;-91.9145736694336;-1.0
02194460.png;-83.43115234375;1.0
02194503.png;-102.8259506225586;-1.0
02194547.png;-91.19296264648438;-1.0
02194873.png;-177.9081268310547;-1.0
02195069.png;-92.26325225830078;1.0
02195072.png;-18.324644088745117;1.0
02195112.png;-22.909658432006836;1.0
02195152.png;-132.84271240234375;1.0
02195193.png;-89.83245849609375;1.0
02195238.png;-59.76613998413086;1.0
02195278.png;-173.5267333984375;-1.0
02195314.png;-145.62266540527344;1.0
02195318.png;-10.791278839111328;1.0
02195355.png;-143.85342407226562;-1.0
02195436.png;-55.307369232177734;1.0
02195440.png;-153.74517822265625;-1.0
02195476.png;-168.0028076171875;-1.0
02195480.png;-146.27749633789062;1.0
02195516.png;-165.90621948242188;-1.0
02195596.png;-58.767913818359375;1.0
02195600.png;-92.21819305419922;1.0
02195637.png;-53.59059524536133;1.0
02195682.png;-1.90144681930542;1.0
02195798.png;-43.612709045410156;1.0
02195839.png;-141.6486053466797;-1.0
02195842.png;-96.58023834228516;-1.0
02195879.png;-48.08231735229492;1.0
02195960.png;-151.6786346435547;-1.0
02196000.png;-62.7349967956543;1.0
02196040.png;-67.73159790039062;-1.0
02196248.png;-110.96041107177734;-1.0
02196284.png;-63.588504791259766;1.0
02196325.png;-171.8673095703125;-1.0
02196405.png;-57.25857925415039;1.0
02196445.png;-52.91423034667969;1.0
02196563.png;-139.11285400390625;-1.0
02196682.png;-90.4526596069336;1.0
02196721.png;-54.19202423095703;1.0
02196798.png;-69.39169311523438;1.0
02196838.png;-67.65421295166016;-1.0
02196879.png;-62.30598068237305;-1.0
02196920.png;-48.643733978271484;-1.0
02196961.png;-31.75160789489746;1.0
02196997.png;-103.50271606445312;1.0
02197038.png;-82.81808471679688;1.0
02197083.png;-164.4729766845703;-1.0
02197124.png;-16.09507942199707;1.0
02197165.png;-30.583290100097656;1.0
02197170.png;-77.23632049560547;-1.0
02197202.png;-95.96279907226562;-1.0
02197287.png;-77.24576568603516;1.0
02197328.png;-74.82318878173828;-1.0
02197450.png;-58.52737045288086;1.0
02197491.png;-60.5284423828125;-1.0
02197531.png;-165.28953552246094;-1.0
02197572.png;-142.51002502441406;1.0
02197576.png;-82.49433898925781;1.0
02197612.png;-157.64952087402344;0.0
02197694.png;-136.33181762695312;1.0
02197699.png;-91.23391723632812;-1.0
02197735.png;-138.6755828857422;-1.0
02197740.png;-93.11798095703125;-1.0
02197816.png;-139.29196166992188;-1.0
02197822.png;-95.84622955322266;-1.0
02197939.png;-91.32144165039062;1.0
02197980.png;-155.90394592285156;1.0
02198027.png;-24.814054489135742;1.0
02198061.png;-131.64857482910156;-1.0
02198101.png;-51.475093841552734;1.0
02198142.png;-25.077110290527344;-1.0
02198183.png;-163.30337524414062;-1.0
02198189.png;-39.39625930786133;-1.0
02198223.png;-87.2745361328125;-1.0
02198262.png;-11.79217529296875;1.0
02198341.png;-56.86958312988281;0.0
02198376.png;-90.95369720458984;1.0
02198381.png;-42.05031204223633;-1.0
02198416.png;-90.8327865600586;0.0
02198507.png;-91.83597564697266;-1.0
02198547.png;-86.17056274414062;1.0
02198588.png;-84.0384750366211;1.0
02198704.png;-117.65679168701172;-1.0
02198988.png;-48.841304779052734;1.0
02199029.png;-33.95432662963867;1.0
02199068.png;-174.9073944091797;-1.0
02199109.png;-142.06375122070312;-1.0
02199115.png;-90.07422637939453;-1.0
02199231.png;-15.675650596618652;-1.0
02199353.png;-148.84140014648438;-1.0
02199475.png;-69.37678527832031;-1.0
02199637.png;-36.4474983215332;-1.0
02199677.png;-27.39920425415039;-1.0
02199919.png;-73.40725708007812;-1.0
02200281.png;-138.94635009765625;-1.0
02200353.png;-119.51517486572266;1.0
02200435.png;-58.8382453918457;1.0
02200513.png;-55.43632888793945;-1.0
02200707.png;-70.25520324707031;1.0
02200748.png;-68.43634796142578;-1.0
02200833.png;-91.4796142578125;-1.0
02201770.png;-107.88803100585938;-1.0
02202013.png;-16.49348258972168;-1.0
02202054.png;-28.501174926757812;-1.0
02202177.png;-157.17286682128906;-1.0
02202214.png;-79.00911712646484;1.0
02202217.png;-4.699331283569336;1.0
02202257.png;-26.138193130493164;1.0
02202296.png;-67.41291809082031;0.0
02202298.png;-23.308549880981445;1.0
02202338.png;-13.10294246673584;-1.0
02202378.png;-89.23897552490234;1.0
02202379.png;-179.11363220214844;-1.0
02202420.png;-162.40814208984375;-1.0
02202501.png;-80.94139862060547;-1.0
02202542.png;-53.63453674316406;-1.0
02202624.png;-141.55267333984375;1.0
02202665.png;-17.968727111816406;1.0
02202711.png;-85.68843078613281;-1.0
02202752.png;-78.6319351196289;-1.0
02202793.png;-93.61090850830078;1.0
02202956.png;-73.23775482177734;1.0
02202992.png;-0.8787286281585693;-1.0
02203077.png;-15.833603858947754;1.0
02203117.png;-147.94349670410156;1.0
02203230.png;-50.666534423828125;1.0
02203311.png;-47.99932098388672;1.0
02203513.png;-21.09633445739746;1.0
02203520.png;-88.26375579833984;1.0
02203594.png;-66.33956146240234;1.0
02203634.png;-63.975242614746094;1.0
02203674.png;-51.716148376464844;1.0
02203712.png;-134.41656494140625;-1.0
02204024.png;-86.28718566894531;1.0
02204141.png;-132.48670959472656;1.0
02204255.png;-18.610918045043945;-1.0
02204333.png;-144.5398712158203;-1.0
02204372.png;-143.81854248046875;-1.0
02204451.png;-6.213447570800781;0.0
02204489.png;-85.13944244384766;0.0
02204490.png;-163.05691528320312;1.0
02204530.png;-81.68633270263672;-1.0
02204570.png;-122.60672760009766;1.0
02204611.png;-120.7376708984375;-1.0
02204734.png;-37.59371566772461;1.0
02204775.png;-40.45172882080078;1.0
02204816.png;-153.33676147460938;-1.0
02204826.png;-101.81523132324219;1.0
02204856.png;-135.47344970703125;-1.0
02204897.png;-114.3534927368164;-1.0
02205064.png;-70.50450134277344;0.0
02205213.png;-20.6715145111084;1.0
02205253.png;-137.61671447753906;-1.0
02206015.png;-101.9032211303711;-1.0
02206052.png;-136.1260986328125;1.0
02206090.png;-120.35704040527344;1.0
02206129.png;-143.43093872070312;-1.0
02206251.png;-124.58317565917969;1.0
02206290.png;-103.97563934326172;-1.0
02206291.png;-118.09304809570312;1.0
02206526.png;-169.1715545654297;1.0
02206640.png;-109.09737396240234;-1.0
02206681.png;-16.25554084777832;1.0
02206721.png;-174.81922912597656;1.0
02206799.png;-105.17374420166016;-1.0
02206841.png;-31.203214645385742;0.0
02206881.png;-174.1000213623047;-1.0
02207002.png;-125.75988006591797;-1.0
02207043.png;-112.76063537597656;-1.0
02207124.png;-147.58853149414062;-1.0
02207165.png;-147.63075256347656;-1.0
02207206.png;-143.32809448242188;-1.0
02207246.png;-27.136869430541992;1.0
02207327.png;-114.05139923095703;-1.0
02207336.png;-88.81832885742188;-1.0
02207408.png;-128.01611328125;-1.0
02207488.png;-136.96942138671875;1.0
02207496.png;-65.01823425292969;-1.0
02207526.png;-107.10972595214844;1.0
02207604.png;-115.43788146972656;1.0
02207643.png;-119.96587371826172;0.0
02207651.png;-69.85961151123047;1.0
02207806.png;-160.1150360107422;-1.0
02207886.png;-6.751652717590332;-1.0
02207965.png;-100.08694458007812;-1.0
02208002.png;-110.23035430908203;-1.0
02208075.png;-170.15878295898438;1.0
02208118.png;-128.24867248535156;-1.0
02208157.png;-132.00335693359375;-1.0
02208197.png;-145.0466766357422;-1.0
02208237.png;-153.42013549804688;-1.0
02208278.png;-90.04219818115234;1.0
02208399.png;-36.82129669189453;1.0
02208439.png;-63.947425842285156;0.0
02208555.png;-167.9449920654297;1.0
02208592.png;-15.502157211303711;1.0
02208628.png;-12.93423080444336;1.0
02208665.png;-161.82569885253906;-1.0
02208702.png;-4.121360778808594;1.0
02208810.png;-163.10366821289062;1.0
02209045.png;-65.62142181396484;1.0
02209078.png;-112.52510833740234;-1.0
02209119.png;-105.88268280029297;1.0
02209127.png;-101.67669677734375;-1.0
02209239.png;-46.89462661743164;1.0
02209279.png;-153.02462768554688;-1.0
02209315.png;-93.82048034667969;0.0
02209318.png;-96.57015228271484;1.0
02209391.png;-139.00912475585938;1.0
02209471.png;-8.007075309753418;-1.0
02209511.png;-142.89761352539062;-1.0
02209588.png;-84.34786987304688;0.0
02209628.png;-85.36766815185547;-1.0
02209668.png;-87.15974426269531;-1.0
02209669.png;-8.080015182495117;1.0
02209707.png;-87.89246368408203;0.0
02209708.png;-12.042953491210938;1.0
02210027.png;-35.51494598388672;-1.0
02210362.png;-178.5266876220703;0.0
02210398.png;-173.950927734375;1.0
02210435.png;-163.59494018554688;1.0
02210471.png;-155.5799560546875;1.0
02210507.png;-160.51876831054688;1.0
02210543.png;-15.197127342224121;1.0
02210854.png;-121.94186401367188;1.0
02210894.png;-112.99165344238281;-1.0
02210935.png;-30.583984375;1.0
02210975.png;-161.5579376220703;-1.0
02211016.png;-152.5555419921875;-1.0
02211056.png;-19.49053382873535;1.0
02211097.png;-170.0643310546875;-1.0
02211132.png;-93.39552307128906;1.0
02211137.png;-95.02426147460938;1.0
02211174.png;-105.81503295898438;-1.0
02211211.png;-116.73202514648438;1.0
02211248.png;-172.8235626220703;1.0
02211328.png;-147.34376525878906;-1.0
02211368.png;-25.851360321044922;1.0
02211409.png;-91.4572525024414;1.0
02211449.png;-118.6817398071289;1.0
02211488.png;-151.52699279785156;-1.0
02211603.png;-148.57623291015625;-1.0
02211640.png;-153.30174255371094;-1.0
02211677.png;-179.8440399169922;1.0
02211714.png;-8.423013687133789;1.0
02211750.png;-157.40481567382812;1.0
02211786.png;-137.93045043945312;-1.0
02211895.png;-161.8940887451172;-1.0
02211973.png;-16.185508728027344;1.0
02212014.png;-119.33367156982422;-1.0
02212055.png;-111.88261413574219;1.0
02212095.png;-111.98956298828125;1.0
02212135.png;-147.71070861816406;1.0
02212175.png;-7.706553936004639;1.0
02212216.png;-170.9402618408203;-1.0
02212256.png;-160.3572998046875;-1.0
02212336.png;-169.5392608642578;-1.0
02212455.png;-151.1528778076172;-1.0
02212494.png;-141.0590057373047;1.0
02212533.png;-97.33026885986328;1.0
02212570.png;-156.98550415039062;-1.0
02212609.png;-16.259166717529297;1.0
02212618.png;-89.18255615234375;1.0
02212649.png;-165.74691772460938;-1.0
02212688.png;-136.6093292236328;-1.0
02212729.png;-168.81787109375;-1.0
02212900.png;-135.04344177246094;-1.0
02212932.png;-148.47608947753906;-1.0
02213020.png;-96.65727996826172;-1.0
02213052.png;-120.40544891357422;-1.0
02213100.png;-74.39144134521484;-1.0
02213171.png;-0.002558816457167268;1.0
02213209.png;-140.35757446289062;1.0
02213247.png;-158.70404052734375;-1.0
02213286.png;-7.739147663116455;-1.0
02213324.png;-147.7587890625;-1.0
02213363.png;-7.346575736999512;1.0
02213397.png;-86.1736831665039;0.0
02213402.png;-163.50184631347656;-1.0
02213482.png;-51.12222671508789;1.0
02213523.png;-127.47843933105469;-1.0
02213559.png;-85.14752197265625;1.0
02213563.png;-108.3780517578125;1.0
02213646.png;-174.4280548095703;-1.0
02213727.png;-156.13404846191406;1.0
02213768.png;-172.91830444335938;1.0
02213809.png;-16.883691787719727;1.0
02213849.png;-122.48151397705078;1.0
02213889.png;-114.90948486328125;1.0
02213896.png;-86.17241668701172;1.0
02213929.png;-121.2773208618164;-1.0
02214127.png;-124.44264221191406;1.0
02214133.png;-96.24125671386719;0.0
02214288.png;-1.8758063316345215;-1.0
02214368.png;-25.73592185974121;1.0
02214405.png;-89.60527038574219;1.0
02214445.png;-97.19559478759766;-1.0
02214481.png;-114.7483901977539;1.0
02214518.png;-156.77764892578125;1.0
02214555.png;-42.949222564697266;-1.0
02214594.png;-90.0;1.0
02214597.png;-163.62977600097656;-1.0
02214605.png;-62.20231246948242;-1.0
02214637.png;-8.406020164489746;-1.0
02214677.png;-166.1546630859375;-1.0
02214717.png;-152.79034423828125;-1.0
02214757.png;-179.16656494140625;-1.0
02214998.png;-167.59437561035156;1.0
02215039.png;-164.90464782714844;1.0
02215079.png;-164.99856567382812;1.0
02215119.png;-168.66807556152344;1.0
02215158.png;-178.89195251464844;1.0
02215287.png;-113.56875610351562;1.0
02215520.png;-94.26654052734375;1.0
02215598.png;-3.839055299758911;1.0
02215635.png;-3.5341148376464844;1.0
02215744.png;-18.31199836730957;1.0
02215823.png;-120.9539566040039;-1.0
02215864.png;-132.9195098876953;-1.0
02215905.png;-120.545166015625;-1.0
02215945.png;-117.74236297607422;1.0
02216108.png;-107.84749603271484;1.0
02216148.png;-141.48011779785156;-1.0
02216188.png;-149.4331512451172;1.0
02216229.png;-149.27792358398438;-1.0
02216269.png;-2.9401683807373047;0.0
02216462.png;-117.46487426757812;-1.0
02216541.png;-139.3767852783203;-1.0
02216581.png;-91.0035400390625;1.0
02216620.png;-163.08912658691406;1.0
02216661.png;-30.694232940673828;1.0
02216738.png;-177.1095428466797;1.0
02216776.png;-6.063122272491455;1.0
02216813.png;-171.8571014404297;-1.0
02216849.png;-172.27969360351562;1.0
02216920.png;-11.96645450592041;1.0
02216998.png;-90.0;-1.0
02217029.png;-82.35279846191406;1.0
02217108.png;-108.94544219970703;1.0
02217154.png;-91.83130645751953;-1.0
02217230.png;-119.43671417236328;1.0
02217271.png;-112.77220916748047;0.0
02217311.png;-168.85821533203125;1.0
02217351.png;-159.61224365234375;-1.0
02217391.png;-148.16917419433594;-1.0
02217431.png;-43.87478256225586;-1.0
02217470.png;-9.09642219543457;1.0
02217510.png;-40.70630645751953;1.0
02217549.png;-95.73149871826172;1.0
02217585.png;-115.04923248291016;1.0
02217623.png;-113.96188354492188;-1.0
02217661.png;-119.50198364257812;-1.0
02217698.png;-92.95877075195312;1.0
02217701.png;-151.5102081298828;1.0
02217740.png;-154.08314514160156;-1.0
02217780.png;-44.43332290649414;1.0
02217862.png;-157.16796875;1.0
02217901.png;-83.4935531616211;1.0
02217978.png;-34.35652542114258;1.0
02218015.png;-141.9733428955078;-1.0
02218051.png;-3.425699234008789;-1.0
02218124.png;-124.74476623535156;-1.0
02218196.png;-114.42861938476562;-1.0
02218311.png;-108.9218978881836;1.0
02218352.png;-119.63172912597656;1.0
02218393.png;-142.39187622070312;1.0
02218434.png;-123.33435821533203;1.0
02218441.png;-143.05064392089844;1.0
02218475.png;-120.19390869140625;1.0
02218482.png;-72.29157257080078;1.0
02218516.png;-113.24640655517578;1.0
02218557.png;-109.59127044677734;-1.0
02218598.png;-107.47511291503906;1.0
02218606.png;-119.76722717285156;-1.0
02218639.png;-115.21604919433594;1.0
02218647.png;-92.68966674804688;-1.0
02218679.png;-177.53048706054688;1.0
02218759.png;-13.53168773651123;-1.0
02218800.png;-164.7437286376953;-1.0
02218840.png;-155.6118621826172;-1.0
02218880.png;-164.6345977783203;-1.0
02218920.png;-11.215235710144043;1.0
02219000.png;-1.0504533052444458;1.0
02219041.png;-11.250889778137207;1.0
02219081.png;-97.96260070800781;1.0
02219119.png;-98.56050872802734;1.0
02219156.png;-111.1446533203125;1.0
02219193.png;-164.82333374023438;1.0
02219310.png;-134.01512145996094;-1.0
02219471.png;-169.4582977294922;-1.0
02219512.png;-119.43376159667969;-1.0
02219552.png;-111.7560043334961;1.0
02219587.png;-74.1796646118164;1.0
02219600.png;-90.0;1.0
02219682.png;-89.22664642333984;-1.0
02219716.png;-16.46493148803711;-1.0
02219798.png;-15.029773712158203;1.0
02219839.png;-28.181472778320312;1.0
02219846.png;-92.14665985107422;1.0
02219880.png;-18.263744354248047;1.0
02219921.png;-160.41383361816406;1.0
02219961.png;-125.57210540771484;1.0
02220002.png;-111.69339752197266;-1.0
02220043.png;-113.20207977294922;1.0
02220050.png;-87.41268920898438;-1.0
02220084.png;-112.38067626953125;1.0
02220091.png;-97.22586059570312;-1.0
02220124.png;-112.1120834350586;1.0
02220164.png;-112.36210632324219;1.0
02220172.png;-88.91374206542969;-1.0
02220213.png;-84.67975616455078;-1.0
02220253.png;-76.29814147949219;-1.0
02220285.png;-113.21844482421875;-1.0
02220293.png;-178.0143280029297;-1.0
02220366.png;-110.98094940185547;-1.0
02220414.png;-81.37142944335938;1.0
02220447.png;-114.68744659423828;-1.0
02220488.png;-109.863037109375;-1.0
02220609.png;-120.87734985351562;1.0
02220649.png;-121.93061828613281;1.0
02220689.png;-124.3600082397461;1.0
02220810.png;-108.83895874023438;1.0
02220816.png;-91.1044921875;-1.0
02220851.png;-111.4635238647461;0.0
02220936.png;-77.1844253540039;-1.0
02220976.png;-86.32562255859375;1.0
02221092.png;-179.86204528808594;1.0
02221133.png;-18.99272346496582;1.0
02221295.png;-2.7018699645996094;1.0
02221335.png;-175.27157592773438;1.0
02221415.png;-130.99801635742188;-1.0
02221462.png;-106.47586822509766;1.0
02221542.png;-90.2435302734375;0.0
02221577.png;-113.95887756347656;1.0
02221583.png;-88.47499084472656;-1.0
02221617.png;-113.22901916503906;1.0
02221623.png;-94.62653350830078;-1.0
02221657.png;-114.34535217285156;-1.0
02221744.png;-94.133544921875;1.0
02221784.png;-90.66357421875;1.0
02221825.png;-91.1713638305664;-1.0
02221866.png;-104.42619323730469;1.0
02221899.png;-118.78208923339844;1.0
02221906.png;-92.4409408569336;-1.0
02221946.png;-150.60308837890625;-1.0
02221978.png;-129.7032470703125;1.0
02221986.png;-78.75116729736328;1.0
02222578.png;-38.403564453125;1.0
02222617.png;-16.732492446899414;1.0
02222656.png;-0.586703896522522;1.0
02222734.png;-168.71165466308594;-1.0
02222772.png;-174.16921997070312;-1.0
02222811.png;-14.221707344055176;1.0
02222850.png;-5.880639553070068;-1.0
02222888.png;-16.35980224609375;1.0
02222927.png;-172.97340393066406;-1.0
02223006.png;-145.95614624023438;-1.0
02223045.png;-17.18941879272461;1.0
02223085.png;-31.8216609954834;1.0
02223125.png;-18.346792221069336;1.0
02223195.png;-91.58760833740234;1.0
02223240.png;-6.189316749572754;1.0
02223280.png;-17.07504653930664;1.0
02223320.png;-16.132089614868164;1.0
02223361.png;-0.5291936993598938;-1.0
02223524.png;-173.936279296875;-1.0
02223532.png;-90.84233856201172;1.0
02223565.png;-162.0152587890625;-1.0
02223573.png;-89.19091796875;1.0
02223606.png;-24.101089477539062;1.0
02223640.png;-30.67763900756836;1.0
02223647.png;-169.1461944580078;-1.0
02223688.png;-141.2241973876953;1.0
02223736.png;-90.007568359375;1.0
02223810.png;-115.70506286621094;1.0
02223818.png;-89.43923950195312;1.0
02223858.png;-74.9311294555664;-1.0
02223890.png;-136.02146911621094;1.0
02223930.png;-178.2303466796875;1.0
02224170.png;-27.5528564453125;1.0
02224211.png;-31.92181968688965;1.0
02224251.png;-133.4290771484375;1.0
02224291.png;-90.13748931884766;1.0
02224412.png;-90.16849517822266;-1.0
02224420.png;-176.3788604736328;-1.0
02224461.png;-53.34961700439453;0.0
02224493.png;-102.7730941772461;1.0
02224573.png;-121.089111328125;1.0
02224613.png;-124.20761108398438;-1.0
02224653.png;-125.34342956542969;-1.0
02224733.png;-156.62327575683594;1.0
02224855.png;-120.51634216308594;1.0
02225048.png;-120.2976303100586;1.0
02225089.png;-119.55369567871094;-1.0
02225129.png;-110.76335144042969;-1.0
02225170.png;-117.23638153076172;-1.0
02225251.png;-156.86370849609375;0.0
02225291.png;-169.79832458496094;1.0
02225371.png;-43.82130813598633;1.0
02225446.png;-110.77436828613281;1.0
02225483.png;-145.87261962890625;1.0
02225560.png;-145.08229064941406;-1.0
02225600.png;-10.898274421691895;-1.0
02225641.png;-2.607121706008911;-1.0
02225843.png;-127.35807800292969;-1.0
02225883.png;-113.64334869384766;1.0
02225964.png;-121.19380187988281;1.0
02226047.png;-170.86448669433594;-1.0
02226056.png;-101.21097564697266;1.0
02226088.png;-3.0462753772735596;1.0
02226168.png;-21.33878517150879;1.0
02226177.png;-1.0183991193771362;1.0
02226209.png;-2.6647067070007324;-1.0
02226218.png;-87.94698333740234;0.0
02226249.png;-15.96878719329834;1.0
02226290.png;-176.14369201660156;-1.0
02226331.png;-135.5509033203125;1.0
02226340.png;-94.45946502685547;1.0
02226371.png;-124.81788635253906;1.0
02226411.png;-118.57170867919922;1.0
02226421.png;-79.66181182861328;-1.0
02226462.png;-87.90753173828125;1.0
02226492.png;-119.74334716796875;-1.0
02226650.png;-140.90342712402344;1.0
02226688.png;-155.70675659179688;1.0
02226727.png;-155.94955444335938;1.0
02226766.png;-148.05072021484375;1.0
02226804.png;-140.52059936523438;0.0
02226843.png;-127.88581848144531;1.0
02226883.png;-113.35888671875;1.0
02226922.png;-103.82013702392578;1.0
02227002.png;-26.500091552734375;1.0
02227091.png;-55.016258239746094;1.0
02227171.png;-53.794288635253906;1.0
02227211.png;-52.68080520629883;1.0
02227251.png;-107.1120834350586;1.0
02227291.png;-79.9755630493164;1.0
02227331.png;-85.52613067626953;1.0
02227371.png;-85.7552261352539;1.0
02227451.png;-71.1197738647461;1.0
02227558.png;-147.15635681152344;1.0
02227568.png;-82.5302963256836;-1.0
02227639.png;-123.99972534179688;1.0
02227679.png;-169.28009033203125;0.0
02227719.png;-172.9523468017578;-1.0
02227799.png;-8.16483211517334;1.0
02227839.png;-96.62037658691406;1.0
02227877.png;-103.48368835449219;-1.0
02227913.png;-120.60704803466797;1.0
02227983.png;-80.1972427368164;1.0
02227992.png;-124.66242218017578;-1.0
02228032.png;-172.66346740722656;-1.0
02228072.png;-90.91838836669922;-1.0
02228354.png;-141.79112243652344;-1.0
02228403.png;-85.08802795410156;-1.0
02228434.png;-133.21859741210938;1.0
02228625.png;-109.6323471069336;-1.0
02228641.png;-34.00590896606445;1.0
02228795.png;-34.18056106567383;-1.0
02228844.png;-79.80565643310547;1.0
02228916.png;-16.82982063293457;1.0
02228956.png;-28.00353240966797;1.0
02228964.png;-13.799908638000488;-1.0
02228996.png;-52.53431701660156;1.0
02229035.png;-30.75122833251953;-1.0
02229067.png;-83.71210479736328;1.0
02229075.png;-50.09264373779297;1.0
02229116.png;-53.33859634399414;1.0
02229157.png;-82.67656707763672;-1.0
02229165.png;-1.7138216495513916;1.0
02229278.png;-9.974955558776855;1.0
02229318.png;-143.98094177246094;-1.0
02229358.png;-17.041959762573242;1.0
02229398.png;-25.44620704650879;-1.0
02229487.png;-106.89842987060547;1.0
02229559.png;-53.79750061035156;1.0
02229676.png;-174.53759765625;1.0
02229714.png;-88.8890380859375;-1.0
02229790.png;-58.254302978515625;1.0
02229830.png;-67.5130386352539;-1.0
02229870.png;-65.08248901367188;1.0
02229911.png;-29.606645584106445;-1.0
02229952.png;-33.5113525390625;0.0
02229993.png;-19.590051651000977;1.0
02230033.png;-7.036532878875732;-1.0
02230074.png;-16.103191375732422;1.0
02230115.png;-90.56794738769531;-1.0
02230155.png;-79.73126220703125;-1.0
02230195.png;-57.3416633605957;-1.0
02230277.png;-64.10315704345703;1.0
02230359.png;-1.2252241373062134;1.0
02230400.png;-10.67160701751709;1.0
02230447.png;-128.94973754882812;1.0
02230480.png;-10.203780174255371;1.0
02230520.png;-53.214576721191406;1.0
02230606.png;-87.92745971679688;-1.0
02230639.png;-56.82851791381836;1.0
02230647.png;-91.63436889648438;1.0
02230688.png;-179.73162841796875;-1.0
02230801.png;-19.63260841369629;0.0
02230841.png;-173.72024536132812;1.0
02230880.png;-24.384735107421875;1.0
02230921.png;-42.2169075012207;1.0
02231002.png;-59.1357421875;-1.0
02231010.png;-102.10530853271484;1.0
02231043.png;-57.105628967285156;0.0
02231124.png;-59.10446548461914;1.0
02231164.png;-49.15402603149414;-1.0
02231355.png;-111.87588500976562;1.0
02231363.png;-172.86431884765625;0.0
02231402.png;-172.93724060058594;-1.0
02231481.png;-65.33706665039062;-1.0
02231558.png;-62.332759857177734;1.0
02231598.png;-63.395320892333984;-1.0
02231680.png;-29.860471725463867;1.0
02231720.png;-179.2240447998047;-1.0
02231751.png;-86.75939178466797;1.0
02231761.png;-167.5386962890625;-1.0
02231802.png;-17.819496154785156;1.0
02231842.png;-77.35084533691406;-1.0
02231883.png;-71.07455444335938;-1.0
02231923.png;-71.67106628417969;-1.0
02231964.png;-43.696346282958984;1.0
02232052.png;-97.51444244384766;-1.0
02232126.png;-17.536724090576172;1.0
02232166.png;-5.3665313720703125;-1.0
02232172.png;-154.73541259765625;-1.0
02232205.png;-43.426002502441406;1.0
02232245.png;-53.07033920288086;1.0
02232251.png;-20.997390747070312;1.0
02232291.png;-41.79060363769531;1.0
02232330.png;-27.23116111755371;1.0
02232370.png;-27.153440475463867;1.0
02232410.png;-10.761301040649414;1.0
02232450.png;-7.405670642852783;1.0
02232490.png;-29.280155181884766;1.0
02232530.png;-27.75074005126953;1.0
02232570.png;-11.567851066589355;1.0
02232610.png;-26.147380828857422;1.0
02232650.png;2.504477834008867e-06;1.0
02232690.png;-177.14468383789062;1.0
02232730.png;-18.544889450073242;1.0
02232770.png;-19.11690902709961;1.0
02232810.png;-9.92148208618164;1.0
02232850.png;-31.696063995361328;1.0
02232890.png;-26.82877540588379;1.0
02232930.png;-22.5;1.0
02232969.png;-22.5;1.0
02233010.png;-19.869985580444336;1.0
02233050.png;-26.82877540588379;1.0
02233091.png;-19.869985580444336;1.0
02233131.png;-22.5;1.0
02233171.png;-17.415912628173828;1.0
02233211.png;-12.58091926574707;1.0
02233251.png;-10.001641273498535;1.0
02233292.png;-19.869985580444336;1.0
02233332.png;-22.5;1.0
02233372.png;-3.428178548812866;1.0
02233412.png;-171.81581115722656;1.0
02233452.png;-18.409698486328125;1.0
02233493.png;-7.3872761726379395;1.0
02233532.png;-146.41148376464844;1.0
02233572.png;-175.71603393554688;1.0
02233613.png;-169.0127410888672;1.0
02233653.png;-175.11203002929688;1.0
02233692.png;-18.110782623291016;1.0
02500925.png;-26.399812698364258;1.0
02501000.png;-89.80068969726562;1.0
02501225.png;-90.9228515625;1.0
02501375.png;-48.155208587646484;-1.0
02502021.png;-92.7225112915039;1.0
02502103.png;-94.93877410888672;1.0
02502106.png;-96.50563049316406;-1.0
02502144.png;-138.5625;-1.0
02502348.png;-94.50144958496094;1.0
02502556.png;-80.48917388916016;-1.0
02502597.png;-77.73424530029297;-1.0
02502638.png;-65.73540496826172;-1.0
02502679.png;-68.07566833496094;-1.0
02502720.png;-70.02828216552734;-1.0
02503130.png;-60.85808181762695;-1.0
02503171.png;-52.19075393676758;1.0
02503210.png;-173.38766479492188;-1.0
02503212.png;-49.29024124145508;1.0
02503334.png;-177.493408203125;0.0
02503375.png;-3.676244020462036;1.0
02503457.png;-55.20383834838867;1.0
02503459.png;-6.738750457763672;-1.0
02503499.png;-178.9272003173828;1.0
02503540.png;-171.25779724121094;1.0
02503620.png;-1.7454864978790283;0.0
02503660.png;-57.75778579711914;1.0
02503739.png;-59.1706428527832;1.0
02503819.png;-174.6844940185547;1.0
02503861.png;-45.206459045410156;1.0
02503901.png;-22.00376319885254;1.0
02503941.png;-28.19633674621582;1.0
02503981.png;-30.57252311706543;1.0
02504021.png;-30.472261428833008;1.0
02504062.png;-27.947771072387695;1.0
02504103.png;-30.155532836914062;1.0
02504144.png;-31.376768112182617;1.0
02504185.png;-31.900339126586914;1.0
02504225.png;-32.67350387573242;1.0
02504266.png;-30.33857536315918;1.0
02504307.png;-22.481611251831055;1.0
02504348.png;-88.93414306640625;1.0
02504389.png;-179.19039916992188;1.0
02504430.png;-177.15283203125;-1.0
02504470.png;-176.95994567871094;-1.0
02504510.png;-175.76080322265625;-1.0
02504550.png;-175.00387573242188;-1.0
02504590.png;-176.11383056640625;-1.0
02504631.png;-175.7679901123047;-1.0
02504672.png;-176.2957763671875;-1.0
02504713.png;-175.8724822998047;-1.0
02504754.png;-177.8314971923828;-1.0
02504795.png;-173.60569763183594;-1.0
02504876.png;-89.65209197998047;-1.0
02505200.png;-99.79293060302734;1.0
02505240.png;-39.74911880493164;0.0
02505599.png;-174.2853240966797;1.0
02505834.png;-47.445587158203125;-1.0
02505873.png;-58.69566345214844;0.0
02505913.png;-62.38225173950195;-1.0
02505953.png;-63.45919418334961;-1.0
02505993.png;-65.2326889038086;-1.0
02506154.png;-49.729827880859375;-1.0
02506195.png;-48.39569091796875;-1.0
02506236.png;-39.27619552612305;-1.0
02506276.png;-11.677953720092773;-1.0
02506317.png;-174.92184448242188;-1.0
02506356.png;-88.82649230957031;1.0
02506358.png;-167.73179626464844;-1.0
02506399.png;-176.4464569091797;-1.0
02506438.png;-88.93023681640625;1.0
02506440.png;-175.63653564453125;-1.0
02506481.png;-166.65870666503906;-1.0
02506522.png;-170.69219970703125;1.0
02506602.png;-78.13944244384766;-1.0
02506642.png;-65.69668579101562;-1.0
02506683.png;-67.0711441040039;-1.0
02506847.png;-22.57583236694336;1.0
02507013.png;-96.75605010986328;-1.0
02507211.png;-121.28246307373047;-1.0
02507293.png;-91.06547546386719;-1.0
02507413.png;-81.31501007080078;-1.0
02507566.png;-33.6427116394043;1.0
02507719.png;-166.2134246826172;-1.0
02507758.png;-168.67276000976562;1.0
02508068.png;-124.33649444580078;1.0
02508106.png;-128.48080444335938;-1.0
02508185.png;-142.11798095703125;-1.0
02508187.png;-98.14167022705078;-1.0
02508225.png;-10.781402587890625;1.0
02508345.png;-129.04556274414062;0.0
02508427.png;-117.02611541748047;1.0
02508468.png;-120.3049087524414;1.0
02508509.png;-124.97887420654297;1.0
02508594.png;-8.676434516906738;-1.0
02508760.png;-12.773229598999023;1.0
02508801.png;-10.705609321594238;1.0
02508842.png;-17.042234420776367;1.0
02508960.png;-174.69808959960938;1.0
02508998.png;-11.955265998840332;1.0
02509001.png;-87.45967864990234;1.0
02509036.png;-12.482050895690918;1.0
02509039.png;-88.72696685791016;-1.0
02509112.png;-175.94737243652344;1.0
02509151.png;-4.873378276824951;1.0
02509381.png;-126.13424682617188;1.0
02509419.png;-143.81988525390625;1.0
02509458.png;-133.97964477539062;-1.0
02509497.png;-132.63812255859375;1.0
02509537.png;-144.93215942382812;1.0
02509577.png;-158.75120544433594;-1.0
02509617.png;-170.73330688476562;-1.0
02509737.png;-133.27752685546875;1.0
02509777.png;-112.19696807861328;-1.0
02509782.png;-90.0;-1.0
02509822.png;-89.76808166503906;0.0
02509946.png;-114.06053161621094;-1.0
02509984.png;-27.676448822021484;1.0
02510102.png;-14.479732513427734;1.0
02510105.png;-82.79935455322266;1.0
02510255.png;-120.15577697753906;-1.0
02510293.png;-128.4656524658203;-1.0
02510456.png;-74.7800064086914;1.0
02510574.png;-91.19872283935547;1.0
02510656.png;-8.48995590209961;1.0
02510697.png;-161.07095336914062;1.0
02510738.png;-42.31076431274414;1.0
02510779.png;-125.59028625488281;1.0
02510820.png;-102.11955261230469;-1.0
02510900.png;-97.91856384277344;-1.0
02511017.png;-127.93290710449219;1.0
02511058.png;-115.51040649414062;-1.0
02511776.png;-96.86849212646484;-1.0
02511897.png;-30.335525512695312;1.0
02511939.png;-90.67134094238281;1.0
02511978.png;-107.83087921142578;-1.0
02511980.png;-88.10484313964844;-1.0
02511984.png;-85.99427795410156;-1.0
02512019.png;-126.22879028320312;1.0
02512176.png;-133.55325317382812;-1.0
02512217.png;-108.32453155517578;-1.0
02512257.png;-140.59066772460938;-1.0
02512297.png;-147.14976501464844;-1.0
02512337.png;-18.848875045776367;0.0
02512377.png;-23.32733917236328;1.0
02512417.png;-175.73487854003906;-1.0
02512456.png;-97.41193389892578;1.0
02512493.png;-115.39057922363281;0.0
02512531.png;-110.79203796386719;-1.0
02512570.png;-114.96473693847656;-1.0
02512610.png;-148.30970764160156;-1.0
02512650.png;-150.39859008789062;-1.0
02512730.png;-152.42552185058594;-1.0
02512770.png;-120.90035247802734;1.0
02512932.png;-149.76979064941406;0.0
02512972.png;-117.72811126708984;1.0
02512973.png;-92.11273956298828;-1.0
02513350.png;-23.223363876342773;1.0
02513418.png;-89.23902130126953;-1.0
02513489.png;-32.11309814453125;1.0
02513525.png;-40.127288818359375;1.0
02513636.png;-81.21685791015625;-1.0
02513676.png;-148.2994842529297;-1.0
02513715.png;-93.33370208740234;1.0
02513756.png;-58.45226287841797;1.0
02513796.png;-156.06507873535156;-1.0
02513836.png;-156.90777587890625;-1.0
02513876.png;-164.5848388671875;-1.0
02513996.png;-63.06869888305664;0.0
02514077.png;-56.81819152832031;-1.0
02514157.png;-19.100265502929688;0.0
02514441.png;-91.99942779541016;1.0
02514518.png;-29.064075469970703;1.0
02514557.png;-178.662841796875;-1.0
02514678.png;-12.232592582702637;1.0
02514717.png;-85.78722381591797;-1.0
02514718.png;-26.09365463256836;1.0
02514758.png;-10.398133277893066;1.0
02514839.png;-70.75595092773438;1.0
02514878.png;-56.83997344970703;-1.0
02514879.png;-69.01722717285156;1.0
02514919.png;-57.30747604370117;-1.0
02514959.png;-42.96428680419922;-1.0
02515155.png;-49.574485778808594;-1.0
02515194.png;-132.07357788085938;-1.0
02515354.png;-4.404348850250244;-1.0
02515470.png;-92.69647979736328;-1.0
02515874.png;-91.39514923095703;0.0
02516069.png;-1.973649024963379;1.0
02516109.png;-86.4759292602539;1.0
02516151.png;-32.150146484375;1.0
02516192.png;-54.0333251953125;-1.0
02516233.png;-67.85408782958984;1.0
02516312.png;-56.4991569519043;1.0
02516431.png;-154.79603576660156;-1.0
02516470.png;-170.05714416503906;-1.0
02516625.png;-154.42042541503906;1.0
02516664.png;-163.1350860595703;-1.0
02516703.png;-163.37025451660156;-1.0
02516742.png;-2.9127655029296875;0.0
02516781.png;-161.5952606201172;-1.0
02516821.png;-152.63987731933594;-1.0
02516860.png;-165.48336791992188;-1.0
02516866.png;-2.672609329223633;1.0
02516900.png;-64.7042465209961;1.0
02516905.png;-89.94222259521484;1.0
02516939.png;-155.52040100097656;-1.0
02516944.png;-90.2244644165039;-1.0
02516979.png;-150.0189971923828;-1.0
02517019.png;-143.2925262451172;-1.0
02517065.png;-113.89209747314453;-1.0
02517140.png;-157.79066467285156;-1.0
02517180.png;-166.05032348632812;-1.0
02517220.png;-31.58049201965332;-1.0
02517259.png;-45.39909362792969;1.0
02517297.png;-99.79808044433594;-1.0
02517299.png;-52.678794860839844;1.0
02517380.png;-41.58684158325195;-1.0
02517420.png;-170.2401123046875;1.0
02517459.png;-0.43051794171333313;-1.0
02517582.png;-10.965920448303223;1.0
02517623.png;-160.10630798339844;-1.0
02517663.png;-153.460693359375;-1.0
02517703.png;-52.442665100097656;-1.0
02517782.png;-87.01161193847656;-1.0
02517823.png;-55.716224670410156;-1.0
02517863.png;-34.32162857055664;-1.0
02517942.png;-162.32640075683594;-1.0
02518059.png;-57.98122024536133;1.0
02518097.png;-90.11775207519531;-1.0
02518099.png;-69.0002212524414;1.0
02518140.png;-65.57855987548828;1.0
02518181.png;-45.29359817504883;-1.0
02518222.png;-163.32412719726562;-1.0
02518227.png;-76.40541076660156;1.0
02518263.png;-11.801689147949219;1.0
02518303.png;-144.77499389648438;-1.0
02518344.png;-40.664161682128906;-1.0
02518505.png;-173.36598205566406;-1.0
02518546.png;-88.99376678466797;-1.0
02518666.png;-135.32334899902344;-1.0
02518707.png;-165.15155029296875;1.0
02518786.png;-155.5339813232422;0.0
02518824.png;-15.824294090270996;0.0
02518861.png;-152.94422912597656;1.0
02518897.png;-176.94773864746094;-1.0
02518901.png;-4.822725296020508;-1.0
02518937.png;-114.69010162353516;-1.0
02519009.png;-20.650882720947266;-1.0
02519048.png;-43.34955596923828;-1.0
02519088.png;-68.31729125976562;1.0
02519128.png;-67.12899780273438;-1.0
02519210.png;-51.705318450927734;1.0
02519250.png;-17.208568572998047;0.0
02519255.png;-87.49722290039062;1.0
02519291.png;-10.195283889770508;1.0
02519296.png;-90.48112487792969;1.0
02519332.png;-26.758506774902344;-1.0
02519337.png;-82.18286895751953;0.0
02519377.png;-93.18451690673828;1.0
02519413.png;-148.69369506835938;-1.0
02519454.png;-80.33615112304688;-1.0
02519494.png;-77.75814819335938;1.0
02519534.png;-68.1333236694336;-1.0
02519574.png;-67.692626953125;-1.0
02519656.png;-59.022071838378906;-1.0
02519697.png;-62.282066345214844;1.0
02519737.png;-50.42277145385742;1.0
02519777.png;-23.066862106323242;1.0
02519818.png;-2.174661159515381;1.0
02519858.png;-90.66161346435547;-1.0
02519859.png;-2.11915922164917;-1.0
02519979.png;-35.93907165527344;-1.0
02519980.png;-172.5324249267578;1.0
02520020.png;-21.603038787841797;1.0
02520060.png;-172.4093017578125;1.0
02520061.png;-46.00517654418945;1.0
02520100.png;-12.77441120147705;1.0
02520101.png;-51.62236022949219;1.0
02520140.png;-167.38934326171875;-1.0
02520181.png;-154.57310485839844;-1.0
02520184.png;-92.74089813232422;-1.0
02520221.png;-35.18110656738281;0.0
02520262.png;-42.445045471191406;1.0
02520302.png;-34.35862731933594;-1.0
02520463.png;-176.2831573486328;1.0
02520504.png;-175.92092895507812;-1.0
02520543.png;-90.46314239501953;1.0
02520544.png;-160.22523498535156;-1.0
02520585.png;-3.480736494064331;1.0
02520746.png;-78.1448974609375;-1.0
02520984.png;-50.842742919921875;-1.0
02521024.png;-68.78176879882812;-1.0
02521104.png;-41.37874984741211;-1.0
02521144.png;-175.4066925048828;-1.0
02521147.png;-97.48284149169922;1.0
02521226.png;-32.03060531616211;1.0
02521307.png;-80.8738784790039;1.0
02521388.png;-72.15038299560547;-1.0
02521428.png;-61.28075408935547;-1.0
02521468.png;-56.028770446777344;-1.0
02521509.png;-43.44801330566406;1.0
02521549.png;-176.1595916748047;1.0
02521590.png;-146.02328491210938;1.0
02521630.png;-92.8667984008789;-1.0
02521672.png;-142.4015350341797;-1.0
02521711.png;-42.68226623535156;-1.0
02521872.png;-45.89094924926758;1.0
02521911.png;-37.5772705078125;1.0
02521916.png;-143.5184783935547;-1.0
02521953.png;-55.23392868041992;-1.0
02522033.png;-179.31312561035156;-1.0
02522034.png;-75.98265838623047;-1.0
02522156.png;-14.637174606323242;1.0
02522196.png;-162.38360595703125;-1.0
02522237.png;-175.61737060546875;1.0
02522278.png;-48.91665267944336;1.0
02522318.png;-70.19988250732422;-1.0
02522359.png;-64.31361389160156;-1.0
02522399.png;-65.4664077758789;1.0
02522438.png;-57.341209411621094;1.0
02522714.png;-25.592618942260742;1.0
02522792.png;-23.14687728881836;1.0
02522909.png;-11.148921012878418;1.0
02523028.png;-147.58595275878906;-1.0
02523069.png;-15.416101455688477;1.0
02523110.png;-89.33895874023438;-1.0
02523232.png;-46.42726135253906;-1.0
02523266.png;-93.0477066040039;-1.0
02523312.png;-172.4533233642578;1.0
02523434.png;-160.566162109375;-1.0
02523474.png;-32.311885833740234;-1.0
02523514.png;-49.06307601928711;1.0
02523546.png;-17.60879898071289;-1.0
02523553.png;-9.03531265258789;-1.0
02523554.png;-50.64897537231445;1.0
02523594.png;-46.06357955932617;1.0
02523635.png;-35.107749938964844;-1.0
02523756.png;-26.772916793823242;1.0
02523796.png;-159.13966369628906;-1.0
02523837.png;-3.20497465133667;1.0
02523878.png;-28.586633682250977;1.0
02523919.png;-69.009033203125;1.0
02523960.png;-68.66461181640625;-1.0
02524000.png;-50.94086456298828;-1.0
02524040.png;-37.89038848876953;0.0
02524155.png;-148.7719268798828;-1.0
02524191.png;-122.30696105957031;-1.0
02524405.png;-22.78016471862793;-1.0
02524603.png;-95.79478454589844;-1.0
02524608.png;-73.98198699951172;1.0
02524645.png;-70.84233856201172;1.0
02524718.png;-114.46044921875;-1.0
02524758.png;-115.63609313964844;0.0
02524839.png;-168.8504180908203;1.0
02524879.png;-29.929306030273438;1.0
02524967.png;-100.23109436035156;1.0
02525008.png;-170.1776123046875;1.0
02525042.png;-116.27538299560547;1.0
02525048.png;-144.75051879882812;1.0
02525117.png;-24.582237243652344;0.0
02525163.png;-94.80335235595703;-1.0
02525289.png;-112.25899505615234;-1.0
02525329.png;-85.25625610351562;1.0
02525487.png;-153.40394592285156;-1.0
02525524.png;-157.76817321777344;-1.0
02525561.png;-6.826136112213135;1.0
02525598.png;-174.24485778808594;-1.0
02525634.png;-142.76925659179688;-1.0
02525708.png;-5.776486396789551;1.0
02525744.png;-8.340785026550293;-1.0
02526037.png;-68.71886444091797;1.0
02526108.png;-15.541082382202148;1.0
02526143.png;-28.510652542114258;1.0
02526178.png;-8.920401573181152;1.0
02526214.png;-18.918678283691406;1.0
02526277.png;-97.6648178100586;-1.0
02526359.png;-76.24903106689453;1.0
02526362.png;-147.6803436279297;-1.0
02526401.png;-161.4325408935547;1.0
02526437.png;-166.24061584472656;1.0
02526556.png;-117.37760162353516;-1.0
02526634.png;-123.01433563232422;-1.0
02526674.png;-135.9774932861328;-1.0
02526715.png;-5.972110271453857;-1.0
02526831.png;-80.51679992675781;1.0
02526875.png;-34.94023895263672;1.0
02526992.png;-2.9594566822052;1.0
02527030.png;-36.206390380859375;1.0
02527066.png;-19.856565475463867;0.0
02527138.png;-30.51058578491211;1.0
02527174.png;-31.46270751953125;1.0
02527273.png;-98.23521423339844;1.0
02527546.png;-21.34673309326172;1.0
02527582.png;-32.44712448120117;1.0
02527872.png;-135.0;0.0
02528060.png;-40.883262634277344;1.0
02528133.png;-43.81906509399414;1.0
02528167.png;-144.85818481445312;-1.0
02528394.png;-36.522212982177734;-1.0
02528434.png;-64.7821044921875;0.0
02528474.png;-64.73307800292969;-1.0
02528515.png;-67.65321350097656;-1.0
02528556.png;-65.62283325195312;-1.0
02528597.png;-60.94479751586914;-1.0
02528638.png;-48.38945770263672;-1.0
02528679.png;-16.666641235351562;-1.0
02528719.png;-17.26101303100586;-1.0
02528758.png;-91.90093994140625;1.0
02528760.png;-30.955427169799805;1.0
02528799.png;-89.42831420898438;0.0
02528801.png;-28.741363525390625;1.0
02528842.png;-1.540744662284851;-1.0
02528881.png;-87.79127502441406;0.0
02528924.png;-44.118927001953125;1.0
02528963.png;-86.98078918457031;1.0
02528965.png;-38.37001037597656;1.0
02529006.png;-41.480079650878906;1.0
02529047.png;-80.34575653076172;-1.0
02529088.png;-81.5805435180664;-1.0
02529129.png;-62.15435028076172;-1.0
02529170.png;-71.40886688232422;1.0
02529211.png;-70.73478698730469;-1.0
02529252.png;-64.35047149658203;-1.0
02529292.png;-56.27263641357422;1.0
02529372.png;-37.557533264160156;1.0
02529413.png;-17.97747039794922;1.0
02529443.png;-93.0576171875;-1.0
02529495.png;-6.968128681182861;1.0
02529575.png;-16.434947967529297;1.0
02529615.png;-43.417354583740234;1.0
02529645.png;-91.90851593017578;-1.0
02529655.png;-65.84198760986328;1.0
02529696.png;-141.81678771972656;-1.0
02529816.png;-139.9429168701172;-1.0
02529857.png;-175.30453491210938;1.0
02529897.png;-64.02862548828125;1.0
02529937.png;-67.97607421875;-1.0
02529976.png;-166.25436401367188;-1.0
02530017.png;-40.817047119140625;-1.0
02530137.png;-29.355690002441406;-1.0
02530175.png;-67.3503189086914;1.0
02530256.png;-60.79498291015625;-1.0
02530297.png;-37.30191421508789;1.0
02530338.png;-21.80864143371582;-1.0
02530378.png;-31.25713348388672;1.0
02530418.png;-68.2488784790039;-1.0
02530458.png;-63.623966217041016;1.0
02530527.png;-92.58060455322266;-1.0
02530580.png;-6.476334571838379;1.0
02530608.png;-1.8895351886749268;-1.0
02530620.png;-50.69575119018555;1.0
02530659.png;-171.594970703125;-1.0
02530820.png;-173.96339416503906;-1.0
02530901.png;-66.23271942138672;1.0
02530981.png;-20.66179656982422;1.0
02531138.png;-3.491098403930664;-1.0
02531259.png;-9.131155014038086;-1.0
02531300.png;-161.71165466308594;-1.0
02531341.png;-80.89796447753906;-1.0
02531381.png;-60.75748062133789;-1.0
02531461.png;-16.00628662109375;-1.0
02531541.png;-172.49867248535156;-1.0
02531581.png;-41.961830139160156;1.0
02531608.png;-88.473876953125;-1.0
02531740.png;-17.517873764038086;1.0
02531768.png;-94.02305603027344;-1.0
02531781.png;-150.8168487548828;-1.0
02531822.png;-51.33348083496094;-1.0
02531902.png;-44.96574401855469;1.0
02531982.png;-1.2416505813598633;-1.0
02532021.png;-39.8351936340332;-1.0
02532060.png;-64.56529998779297;-1.0
02532101.png;-67.46134185791016;1.0
02532142.png;-36.14469909667969;-1.0
02532178.png;-87.239501953125;1.0
02532183.png;-27.98756980895996;1.0
02532223.png;-141.0952606201172;-1.0
02532264.png;-78.31842803955078;-1.0
02532328.png;-97.0025405883789;-1.0
02532385.png;-47.218711853027344;1.0
02532409.png;-82.4990463256836;1.0
02532426.png;-142.27435302734375;1.0
02532466.png;-165.28659057617188;-1.0
02532546.png;-23.67373275756836;1.0
02532667.png;-3.086409568786621;1.0
02532820.png;-98.58747863769531;1.0
02532827.png;-148.9070587158203;-1.0
02532866.png;-63.64823532104492;1.0
02532905.png;-65.00428771972656;1.0
02532986.png;-7.359457492828369;1.0
02533019.png;-76.9031753540039;-1.0
02533027.png;-141.75814819335938;-1.0
02533060.png;-90.0;-1.0
02533067.png;-141.95326232910156;-1.0
02533170.png;-89.31099700927734;-1.0
02533188.png;-8.506793022155762;-1.0
02533210.png;-94.38887786865234;1.0
02533268.png;-153.36322021484375;-1.0
02533307.png;-58.4704475402832;1.0
02533348.png;-147.97305297851562;1.0
02533371.png;-165.6239471435547;1.0
02533389.png;-44.07227325439453;-1.0
02533429.png;-20.619537353515625;1.0
02533451.png;-92.04243469238281;1.0
02533469.png;-12.767136573791504;1.0
02533509.png;-68.13922119140625;1.0
02533549.png;-50.09147644042969;1.0
02533707.png;-14.770081520080566;1.0
02533746.png;-59.40810775756836;-1.0
02533823.png;-68.48291778564453;1.0
02533863.png;-56.1569938659668;-1.0
02533904.png;-63.39207458496094;-1.0
02533977.png;-83.27951049804688;1.0
02533986.png;-140.02706909179688;-1.0
02534018.png;-81.96781921386719;-1.0
02534027.png;-0.9286026954650879;-1.0
02534068.png;-17.176488876342773;1.0
02534109.png;-81.78851318359375;1.0
02534149.png;-69.36297607421875;-1.0
02534190.png;-53.840694427490234;-1.0
02534254.png;-87.31608581542969;-1.0
02534311.png;-1.0308163166046143;1.0
02534334.png;-92.44092559814453;-1.0
02534351.png;-175.73876953125;1.0
02534391.png;-29.916271209716797;1.0
02534431.png;-36.685638427734375;-1.0
02534470.png;-8.744729042053223;1.0
02534510.png;-173.18597412109375;-1.0
02534590.png;-43.39996337890625;-1.0
02534630.png;-160.05111694335938;-1.0
02534671.png;-172.50173950195312;1.0
02534751.png;-16.83626937866211;-1.0
02534792.png;-37.286582946777344;1.0
02534832.png;-53.044612884521484;1.0
02534872.png;-62.02952194213867;1.0
02534913.png;-61.37804412841797;1.0
02534954.png;-64.95639038085938;1.0
02534994.png;-64.987548828125;1.0
02535034.png;-67.43011474609375;1.0
02535075.png;-68.54243469238281;1.0
